date,농업 임업 및 어업(01~03),광업(05~08),제조업(10~34),전기 가스 증기 및 공기 조절 공급업(35),수도 하수 및 폐기물 처리 원료 재생업(36~39),건설업(41~42),도매 및 소매업(45~47),운수 및 창고업(49~52),숙박 및 음식점업(55~56),정보통신업(58~63),금융 및 보험업(64~66),부동산업(68),전문 과학 및 기술 서비스업(70~73),사업시설 관리 사업 지원 및 임대 서비스업(74~76),공공 행정 국방 및 사회보장 행정(84),교육 서비스업(85),보건업 및 사회복지 서비스업(86~87),예술 스포츠 및 여가관련 서비스업(90~91),협회 및 단체 수리 및 기타 개인 서비스업(94~96)
업종코드,A,B,C,D,E,F,G,H,I,J,K,L,M,N,O,P,Q,R,S
2007-01,"  4,090 ","  1,401 ","  1,075,488 ","  12,064 ","  19,331 ","  112,277 ","  207,068 ","  86,360 ","  49,929 ","  78,920 ","  18,983 ","  57,143 ","  79,955 ","  77,310 ","  22,054 ","  52,077 ","  136,257 ","  20,534 ","  51,281 "
2007-02,"  4,503 ","  1,384 ","  1,082,058 ","  12,063 ","  19,391 ","  113,072 ","  210,271 ","  86,702 ","  50,888 ","  79,633 ","  19,019 ","  57,472 ","  81,255 ","  79,090 ","  23,261 ","  51,576 ","  138,287 ","  20,523 ","  51,127 "
2007-03,"  4,860 ","  1,353 ","  1,082,840 ","  12,081 ","  19,397 ","  113,668 ","  211,834 ","  86,340 ","  51,334 ","  80,272 ","  19,152 ","  57,732 ","  81,910 ","  80,122 ","  22,497 ","  53,017 ","  142,007 ","  20,879 ","  50,918 "
2007-04,"  5,153 ","  1,358 ","  1,085,524 ","  12,175 ","  19,750 ","  115,614 ","  215,471 ","  87,311 ","  52,124 ","  80,890 ","  19,304 ","  58,229 ","  82,980 ","  82,934 ","  24,069 ","  54,429 ","  145,672 ","  21,465 ","  51,731 "
2007-05,"  4,829 ","  1,373 ","  1,086,035 ","  12,152 ","  19,876 ","  116,782 ","  217,312 ","  88,716 ","  54,131 ","  81,494 ","  19,379 ","  58,651 ","  83,767 ","  83,901 ","  25,278 ","  55,631 ","  147,838 ","  21,802 ","  52,585 "
2007-06,"  4,828 ","  1,397 ","  1,093,718 ","  12,148 ","  19,971 ","  117,401 ","  212,885 ","  89,251 ","  55,508 ","  83,956 ","  19,380 ","  59,378 ","  84,060 ","  85,071 ","  23,900 ","  55,552 ","  151,989 ","  22,162 ","  52,915 "
2007-07,"  4,877 ","  1,548 ","  1,100,908 ","  12,119 ","  19,624 ","  117,881 ","  213,954 ","  89,420 ","  57,119 ","  83,752 ","  19,423 ","  60,128 ","  85,344 ","  84,026 ","  25,191 ","  54,779 ","  155,620 ","  22,466 ","  53,400 "
2007-08,"  4,953 ","  1,550 ","  1,103,728 ","  12,187 ","  19,868 ","  118,591 ","  215,273 ","  90,340 ","  58,518 ","  83,749 ","  19,465 ","  60,790 ","  85,550 ","  84,481 ","  25,770 ","  54,774 ","  157,039 ","  22,518 ","  53,804 "
2007-09,"  4,917 ","  1,471 ","  1,105,411 ","  12,201 ","  19,744 ","  118,860 ","  216,632 ","  90,685 ","  58,990 ","  83,864 ","  19,473 ","  60,840 ","  85,513 ","  84,607 ","  25,337 ","  55,670 ","  158,873 ","  22,575 ","  53,872 "
2007-10,"  4,931 ","  1,454 ","  1,106,029 ","  12,230 ","  19,786 ","  119,348 ","  217,575 ","  91,375 ","  59,339 ","  84,162 ","  19,552 ","  61,312 ","  86,169 ","  85,021 ","  25,118 ","  56,746 ","  161,008 ","  22,583 ","  54,243 "
2007-11,"  5,097 ","  1,435 ","  1,112,543 ","  12,282 ","  20,112 ","  120,442 ","  220,556 ","  92,014 ","  60,481 ","  84,478 ","  19,671 ","  65,949 ","  86,789 ","  85,231 ","  25,670 ","  56,917 ","  163,495 ","  22,656 ","  54,872 "
2007-12,"  4,563 ","  1,424 ","  1,116,136 ","  12,346 ","  20,010 ","  120,432 ","  222,798 ","  92,565 ","  61,059 ","  85,118 ","  19,751 ","  66,315 ","  86,257 ","  85,146 ","  23,697 ","  56,514 ","  164,423 ","  22,128 ","  55,307 "
2008-01,"  4,290 ","  1,409 ","  1,123,425 ","  12,290 ","  19,780 ","  120,886 ","  223,540 ","  92,198 ","  61,208 ","  85,973 ","  19,843 ","  66,449 ","  86,579 ","  84,044 ","  22,601 ","  54,378 ","  163,114 ","  22,223 ","  55,128 "
2008-02,"  4,850 ","  1,395 ","  1,125,457 ","  12,252 ","  19,838 ","  110,835 ","  225,423 ","  92,258 ","  61,634 ","  86,210 ","  19,997 ","  66,775 ","  87,245 ","  85,118 ","  24,396 ","  54,568 ","  166,829 ","  22,419 ","  56,350 "
2008-03,"  5,383 ","  1,335 ","  1,121,787 ","  12,359 ","  19,930 ","  111,502 ","  226,835 ","  92,474 ","  61,811 ","  86,048 ","  20,268 ","  67,772 ","  87,606 ","  85,103 ","  25,039 ","  56,119 ","  170,611 ","  22,553 ","  56,227 "
2008-04,"  5,436 ","  1,281 ","  1,122,756 ","  12,143 ","  20,215 ","  112,442 ","  229,957 ","  93,200 ","  61,887 ","  86,257 ","  20,387 ","  68,203 ","  87,962 ","  87,658 ","  26,004 ","  57,977 ","  174,334 ","  22,900 ","  57,260 "
2008-05,"  4,996 ","  1,305 ","  1,119,786 ","  12,269 ","  20,388 ","  113,243 ","  230,838 ","  93,388 ","  62,622 ","  87,169 ","  20,476 ","  68,549 ","  89,453 ","  89,807 ","  26,618 ","  59,273 ","  177,290 ","  23,347 ","  57,713 "
2008-06,"  5,037 ","  1,297 ","  1,116,916 ","  12,269 ","  20,320 ","  113,592 ","  232,236 ","  93,873 ","  61,879 ","  87,432 ","  20,587 ","  69,118 ","  89,582 ","  90,060 ","  24,997 ","  59,760 ","  179,410 ","  23,492 ","  57,916 "
2008-07,"  5,029 ","  1,395 ","  1,117,032 ","  12,236 ","  20,371 ","  113,776 ","  233,752 ","  94,111 ","  61,965 ","  87,482 ","  20,690 ","  68,745 ","  91,014 ","  90,537 ","  27,131 ","  59,230 ","  180,366 ","  23,607 ","  57,945 "
2008-08,"  5,105 ","  1,416 ","  1,111,738 ","  12,266 ","  20,525 ","  113,737 ","  235,388 ","  94,039 ","  61,807 ","  87,365 ","  20,687 ","  68,904 ","  91,682 ","  92,240 ","  27,383 ","  58,754 ","  182,010 ","  23,434 ","  57,733 "
2008-09,"  5,027 ","  1,304 ","  1,111,852 ","  12,286 ","  20,547 ","  114,077 ","  236,770 ","  94,228 ","  62,026 ","  87,061 ","  20,746 ","  69,196 ","  92,015 ","  92,453 ","  25,629 ","  60,712 ","  184,365 ","  23,408 ","  57,507 "
2008-10,"  4,908 ","  1,309 ","  1,113,154 ","  12,211 ","  20,743 ","  114,018 ","  238,274 ","  94,807 ","  62,373 ","  86,745 ","  20,826 ","  69,815 ","  92,418 ","  94,476 ","  26,896 ","  61,453 ","  188,042 ","  23,546 ","  57,534 "
2008-11,"  5,340 ","  1,321 ","  1,111,717 ","  12,124 ","  20,715 ","  114,614 ","  239,458 ","  95,637 ","  63,519 ","  86,564 ","  20,895 ","  69,869 ","  92,379 ","  95,395 ","  27,309 ","  61,938 ","  189,673 ","  23,635 ","  57,415 "
2008-12,"  4,724 ","  1,350 ","  1,104,428 ","  12,147 ","  20,569 ","  113,508 ","  239,631 ","  96,057 ","  64,028 ","  86,423 ","  20,967 ","  69,980 ","  91,594 ","  93,393 ","  24,693 ","  61,551 ","  191,654 ","  23,416 ","  57,995 "
2009-01,"  4,555 ","  1,306 ","  1,097,503 ","  12,156 ","  20,321 ","  111,480 ","  238,392 ","  95,657 ","  63,854 ","  85,584 ","  20,944 ","  69,094 ","  92,008 ","  90,869 ","  27,963 ","  60,108 ","  190,590 ","  23,043 ","  58,124 "
2009-02,"  5,546 ","  1,322 ","  1,093,450 ","  12,759 ","  20,527 ","  111,596 ","  239,527 ","  95,930 ","  63,875 ","  85,578 ","  20,918 ","  69,448 ","  93,275 ","  92,697 ","  31,523 ","  60,312 ","  195,700 ","  22,977 ","  57,739 "
2009-03,"  5,754 ","  1,343 ","  1,092,705 ","  12,806 ","  20,617 ","  111,840 ","  239,602 ","  96,122 ","  64,621 ","  85,386 ","  21,047 ","  69,431 ","  94,567 ","  94,144 ","  30,120 ","  62,878 ","  199,790 ","  23,299 ","  58,202 "
2009-04,"  6,036 ","  1,391 ","  1,088,810 ","  12,933 ","  21,020 ","  112,920 ","  241,335 ","  96,351 ","  65,614 ","  86,416 ","  21,089 ","  68,812 ","  95,948 ","  96,810 ","  33,588 ","  64,557 ","  202,542 ","  23,705 ","  58,615 "
2009-05,"  5,612 ","  1,363 ","  1,092,327 ","  12,873 ","  21,426 ","  113,385 ","  243,806 ","  96,241 ","  65,755 ","  86,077 ","  21,176 ","  68,583 ","  96,975 ","  99,606 ","  34,295 ","  65,873 ","  204,815 ","  24,126 ","  58,832 "
2009-06,"  5,795 ","  1,404 ","  1,093,691 ","  12,939 ","  25,495 ","  113,945 ","  245,888 ","  96,152 ","  66,285 ","  86,233 ","  21,282 ","  68,147 ","  99,810 ","  106,006 ","  59,879 ","  66,193 ","  207,684 ","  24,435 ","  58,779 "
2009-07,"  6,069 ","  1,442 ","  1,096,459 ","  13,041 ","  27,119 ","  114,036 ","  247,469 ","  96,353 ","  67,250 ","  89,202 ","  21,158 ","  68,189 ","  104,144 ","  108,995 ","  68,351 ","  65,714 ","  210,499 ","  24,529 ","  59,067 "
2009-08,"  6,138 ","  1,438 ","  1,096,834 ","  13,023 ","  26,873 ","  114,226 ","  249,659 ","  96,519 ","  67,952 ","  89,497 ","  21,219 ","  68,200 ","  104,482 ","  108,994 ","  68,875 ","  65,309 ","  213,563 ","  24,535 ","  59,231 "
2009-09,"  6,177 ","  1,344 ","  1,104,138 ","  13,005 ","  26,190 ","  114,674 ","  249,939 ","  96,609 ","  68,451 ","  91,537 ","  21,211 ","  68,005 ","  104,672 ","  109,419 ","  66,392 ","  69,620 ","  217,245 ","  24,405 ","  59,623 "
2009-10,"  6,182 ","  1,317 ","  1,113,792 ","  12,814 ","  26,026 ","  114,902 ","  252,368 ","  97,118 ","  69,358 ","  91,298 ","  21,216 ","  68,120 ","  105,135 ","  111,923 ","  65,322 ","  70,937 ","  220,262 ","  24,371 ","  59,739 "
2009-11,"  6,381 ","  1,336 ","  1,120,011 ","  12,784 ","  26,766 ","  115,295 ","  253,732 ","  97,656 ","  69,975 ","  91,077 ","  21,195 ","  68,314 ","  105,717 ","  113,665 ","  64,634 ","  71,291 ","  222,977 ","  24,311 ","  59,825 "
2009-12,"  4,865 ","  1,358 ","  1,127,830 ","  12,810 ","  24,698 ","  115,309 ","  254,919 ","  98,256 ","  70,286 ","  90,785 ","  21,342 ","  68,703 ","  100,237 ","  112,273 ","  32,317 ","  70,525 ","  224,140 ","  23,969 ","  60,063 "
2010-01,"  4,675 ","  1,321 ","  1,134,404 ","  12,530 ","  21,196 ","  115,291 ","  256,385 ","  102,319 ","  70,161 ","  85,450 ","  21,254 ","  68,543 ","  99,502 ","  107,335 ","  27,236 ","  66,475 ","  226,259 ","  22,926 ","  59,201 "
2010-02,"  5,914 ","  1,319 ","  1,141,392 ","  12,528 ","  21,499 ","  115,122 ","  259,274 ","  102,492 ","  71,424 ","  83,817 ","  21,270 ","  68,739 ","  100,447 ","  108,554 ","  29,356 ","  66,157 ","  229,982 ","  23,084 ","  59,052 "
2010-03,"  6,224 ","  1,285 ","  1,145,630 ","  12,947 ","  20,811 ","  115,339 ","  260,108 ","  102,746 ","  71,442 ","  83,547 ","  21,338 ","  68,549 ","  103,440 ","  107,504 ","  35,849 ","  69,838 ","  233,004 ","  23,150 ","  59,391 "
2010-04,"  6,364 ","  1,289 ","  1,156,512 ","  12,933 ","  21,403 ","  115,850 ","  261,725 ","  103,186 ","  71,978 ","  84,119 ","  21,443 ","  68,614 ","  106,112 ","  109,408 ","  44,825 ","  72,862 ","  238,334 ","  23,743 ","  59,960 "
2010-05,"  5,529 ","  1,283 ","  1,164,908 ","  12,960 ","  21,649 ","  116,236 ","  263,615 ","  102,484 ","  71,979 ","  84,443 ","  21,549 ","  69,105 ","  108,181 ","  113,617 ","  45,413 ","  74,324 ","  241,486 ","  24,391 ","  60,458 "
2010-06,"  5,395 ","  1,291 ","  1,172,419 ","  13,001 ","  21,594 ","  116,177 ","  266,966 ","  102,902 ","  72,039 ","  85,398 ","  21,623 ","  68,530 ","  107,764 ","  115,702 ","  41,530 ","  75,268 ","  245,088 ","  24,649 ","  60,807 "
2010-07,"  5,524 ","  1,370 ","  1,175,053 ","  13,078 ","  21,882 ","  115,246 ","  269,703 ","  103,085 ","  72,642 ","  85,458 ","  21,731 ","  68,804 ","  108,678 ","  118,080 ","  42,183 ","  73,219 ","  248,690 ","  24,727 ","  60,736 "
2010-08,"  5,412 ","  1,401 ","  1,181,044 ","  12,877 ","  21,925 ","  115,049 ","  273,917 ","  102,695 ","  73,250 ","  85,586 ","  21,757 ","  68,815 ","  108,702 ","  119,615 ","  41,238 ","  72,634 ","  250,587 ","  24,498 ","  59,797 "
2010-09,"  5,216 ","  1,291 ","  1,188,341 ","  12,935 ","  21,260 ","  114,770 ","  274,241 ","  103,095 ","  73,728 ","  84,980 ","  21,806 ","  68,768 ","  107,391 ","  117,587 ","  36,194 ","  72,693 ","  255,221 ","  24,471 ","  59,569 "
2010-10,"  4,870 ","  1,266 ","  1,193,659 ","  12,861 ","  21,504 ","  114,419 ","  276,029 ","  103,716 ","  74,941 ","  85,058 ","  21,938 ","  68,205 ","  107,535 ","  117,482 ","  40,448 ","  73,949 ","  258,061 ","  24,468 ","  60,059 "
2010-11,"  5,151 ","  1,260 ","  1,204,679 ","  12,777 ","  21,710 ","  113,947 ","  279,465 ","  104,593 ","  76,598 ","  85,054 ","  22,014 ","  68,535 ","  108,682 ","  118,493 ","  41,688 ","  74,587 ","  261,085 ","  24,171 ","  60,302 "
2010-12,"  4,561 ","  1,272 ","  1,212,892 ","  12,795 ","  20,953 ","  113,403 ","  281,350 ","  105,593 ","  77,770 ","  85,040 ","  22,065 ","  66,416 ","  111,315 ","  118,623 ","  28,776 ","  74,514 ","  262,125 ","  24,129 ","  60,472 "
2011-01,"  4,388 ","  1,296 ","  1,248,591 ","  12,829 ","  20,554 ","  112,461 ","  283,172 ","  105,930 ","  78,397 ","  85,508 ","  22,075 ","  66,007 ","  110,586 ","  118,705 ","  28,145 ","  69,517 ","  262,657 ","  23,055 ","  59,925 "
2011-02,"  4,794 ","  1,203 ","  1,249,048 ","  12,904 ","  20,562 ","  118,532 ","  286,747 ","  104,835 ","  79,251 ","  85,965 ","  22,060 ","  66,038 ","  110,949 ","  119,696 ","  29,926 ","  68,391 ","  266,480 ","  23,268 ","  60,416 "
2011-03,"  5,302 ","  1,193 ","  1,261,269 ","  12,880 ","  21,300 ","  119,356 ","  290,055 ","  103,981 ","  80,653 ","  85,889 ","  22,121 ","  66,078 ","  111,972 ","  121,253 ","  32,512 ","  73,501 ","  271,116 ","  23,396 ","  61,269 "
2011-04,"  5,461 ","  1,201 ","  1,266,475 ","  12,982 ","  21,541 ","  119,668 ","  293,889 ","  104,758 ","  83,136 ","  86,341 ","  22,187 ","  66,886 ","  114,262 ","  126,047 ","  36,623 ","  81,005 ","  274,757 ","  24,153 ","  61,800 "
2011-05,"  5,143 ","  1,217 ","  1,262,958 ","  13,179 ","  22,006 ","  120,127 ","  297,325 ","  104,686 ","  83,878 ","  88,847 ","  22,124 ","  66,319 ","  114,207 ","  128,878 ","  37,189 ","  84,728 ","  276,865 ","  24,505 ","  62,075 "
2011-06,"  4,968 ","  1,204 ","  1,266,916 ","  13,214 ","  21,758 ","  119,873 ","  299,007 ","  104,528 ","  84,715 ","  89,274 ","  22,202 ","  65,616 ","  113,474 ","  129,258 ","  33,647 ","  84,035 ","  278,534 ","  24,920 ","  62,444 "
2011-07,"  5,086 ","  1,253 ","  1,272,657 ","  13,162 ","  21,586 ","  119,857 ","  301,932 ","  103,646 ","  85,827 ","  89,842 ","  22,198 ","  66,093 ","  114,394 ","  129,835 ","  33,098 ","  78,043 ","  279,910 ","  24,876 ","  62,850 "
2011-08,"  5,158 ","  1,315 ","  1,278,578 ","  13,178 ","  21,726 ","  119,478 ","  303,073 ","  103,604 ","  86,812 ","  89,796 ","  22,200 ","  66,029 ","  114,767 ","  132,853 ","  35,075 ","  77,509 ","  280,080 ","  25,126 ","  61,301 "
2011-09,"  5,176 ","  1,217 ","  1,287,462 ","  13,008 ","  21,835 ","  119,666 ","  305,064 ","  104,299 ","  87,357 ","  90,357 ","  22,273 ","  66,538 ","  115,053 ","  134,870 ","  33,093 ","  79,872 ","  282,894 ","  25,529 ","  61,512 "
2011-10,"  5,086 ","  1,206 ","  1,286,630 ","  12,882 ","  21,821 ","  119,993 ","  307,052 ","  103,931 ","  88,181 ","  90,421 ","  22,263 ","  66,646 ","  115,352 ","  135,168 ","  35,365 ","  85,253 ","  286,984 ","  25,476 ","  61,350 "
2011-11,"  5,226 ","  1,205 ","  1,291,520 ","  12,868 ","  21,796 ","  120,100 ","  309,736 ","  104,409 ","  89,907 ","  91,574 ","  22,313 ","  67,046 ","  115,527 ","  136,386 ","  35,921 ","  86,722 ","  289,890 ","  25,481 ","  61,605 "
2011-12,"  4,822 ","  1,199 ","  1,297,413 ","  12,870 ","  21,380 ","  120,696 ","  312,276 ","  105,137 ","  91,469 ","  92,514 ","  22,377 ","  66,717 ","  114,910 ","  136,721 ","  29,557 ","  85,103 ","  293,161 ","  25,154 ","  62,026 "
2012-01,"  4,696 ","  1,212 ","  1,301,289 ","  12,648 ","  21,095 ","  119,924 ","  313,671 ","  105,483 ","  91,508 ","  93,044 ","  22,447 ","  66,614 ","  115,170 ","  131,307 ","  30,618 ","  75,917 ","  292,451 ","  25,312 ","  61,786 "
2012-02,"  5,214 ","  1,083 ","  1,305,840 ","  12,794 ","  21,399 ","  120,602 ","  315,619 ","  105,497 ","  92,309 ","  94,047 ","  22,438 ","  66,906 ","  115,981 ","  133,721 ","  33,522 ","  74,697 ","  295,745 ","  25,376 ","  62,007 "
2012-03,"  5,409 ","  1,076 ","  1,310,386 ","  12,910 ","  21,333 ","  121,360 ","  317,364 ","  105,011 ","  93,027 ","  94,670 ","  22,440 ","  67,865 ","  116,369 ","  135,348 ","  35,263 ","  83,187 ","  301,399 ","  25,557 ","  62,513 "
2012-04,"  5,417 ","  1,089 ","  1,291,547 ","  12,971 ","  21,928 ","  121,644 ","  318,549 ","  105,006 ","  94,414 ","  95,119 ","  22,361 ","  68,130 ","  118,006 ","  137,212 ","  38,316 ","  89,576 ","  305,581 ","  25,962 ","  63,462 "
2012-05,"  5,322 ","  1,101 ","  1,313,802 ","  13,165 ","  22,318 ","  122,136 ","  317,342 ","  105,467 ","  95,856 ","  98,887 ","  22,380 ","  68,263 ","  118,835 ","  139,209 ","  38,042 ","  92,141 ","  308,646 ","  26,185 ","  63,602 "
2012-06,"  5,157 ","  1,086 ","  1,317,623 ","  13,305 ","  22,383 ","  121,500 ","  319,301 ","  105,855 ","  97,277 ","  99,937 ","  22,447 ","  68,470 ","  119,756 ","  141,917 ","  35,465 ","  92,068 ","  311,116 ","  26,870 ","  63,958 "
2012-07,"  5,226 ","  1,076 ","  1,328,603 ","  13,388 ","  22,191 ","  121,163 ","  321,519 ","  106,253 ","  98,753 ","  100,977 ","  22,497 ","  68,807 ","  120,509 ","  141,853 ","  37,589 ","  87,245 ","  312,402 ","  27,213 ","  64,075 "
2012-08,"  5,250 ","  1,070 ","  1,335,541 ","  13,349 ","  22,504 ","  121,064 ","  323,428 ","  106,125 ","  101,532 ","  101,569 ","  22,718 ","  69,110 ","  121,109 ","  141,006 ","  38,486 ","  86,886 ","  314,413 ","  27,900 ","  64,310 "
2012-09,"  5,257 ","  1,069 ","  1,345,083 ","  13,433 ","  22,442 ","  120,753 ","  324,850 ","  106,272 ","  103,788 ","  101,824 ","  22,877 ","  76,711 ","  113,785 ","  141,458 ","  33,498 ","  92,823 ","  318,025 ","  28,004 ","  64,618 "
2012-10,"  5,269 ","  1,065 ","  1,354,272 ","  13,407 ","  22,401 ","  120,138 ","  325,626 ","  106,905 ","  104,143 ","  102,126 ","  22,872 ","  76,886 ","  115,277 ","  142,978 ","  35,640 ","  96,278 ","  320,297 ","  28,033 ","  63,871 "
2012-11,"  5,527 ","  1,067 ","  1,361,380 ","  13,509 ","  22,682 ","  119,967 ","  327,063 ","  108,088 ","  106,540 ","  101,939 ","  22,931 ","  78,497 ","  115,310 ","  146,211 ","  35,947 ","  97,231 ","  322,092 ","  28,011 ","  63,124 "
2012-12,"  5,234 ","  1,041 ","  1,366,970 ","  13,512 ","  22,480 ","  119,745 ","  328,035 ","  108,289 ","  107,461 ","  101,443 ","  23,002 ","  78,476 ","  116,537 ","  149,785 ","  29,763 ","  93,603 ","  323,106 ","  27,717 ","  63,398 "
2013-01,"  5,144 ",  986 ,"  1,372,997 ","  13,480 ","  22,516 ","  118,582 ","  337,203 ","  107,963 ","  108,007 ","  103,420 ","  22,987 ","  77,113 ","  116,343 ","  149,849 ","  31,378 ","  84,423 ","  322,814 ","  26,742 ","  63,204 "
2013-02,"  5,533 ",  985 ,"  1,379,329 ","  13,342 ","  22,760 ","  118,309 ","  340,611 ","  108,625 ","  108,751 ","  103,949 ","  23,033 ","  77,262 ","  117,103 ","  152,680 ","  34,321 ","  83,807 ","  328,219 ","  26,840 ","  63,438 "
2013-03,"  5,807 ",  991 ,"  1,381,955 ","  13,464 ","  23,048 ","  118,565 ","  341,982 ","  109,119 ","  111,725 ","  103,991 ","  23,072 ","  77,611 ","  118,276 ","  152,814 ","  36,484 ","  89,500 ","  331,441 ","  27,347 ","  63,671 "
2013-04,"  5,940 ",  993 ,"  1,386,378 ","  13,492 ","  22,871 ","  118,646 ","  343,419 ","  109,483 ","  115,018 ","  104,710 ","  22,931 ","  77,632 ","  118,416 ","  154,147 ","  34,519 ","  95,246 ","  337,479 ","  28,312 ","  64,546 "
2013-05,"  5,802 ","  1,005 ","  1,391,864 ","  13,550 ","  23,013 ","  119,094 ","  345,400 ","  109,458 ","  117,943 ","  105,465 ","  22,879 ","  78,010 ","  119,514 ","  156,195 ","  36,634 ","  96,492 ","  341,838 ","  28,774 ","  64,780 "
2013-06,"  5,572 ",  991 ,"  1,396,760 ","  14,134 ","  22,942 ","  118,895 ","  348,759 ","  109,925 ","  120,046 ","  106,366 ","  22,911 ","  78,481 ","  120,114 ","  158,040 ","  36,429 ","  95,091 ","  347,016 ","  28,931 ","  65,392 "
2013-07,"  5,665 ",  964 ,"  1,400,840 ","  14,303 ","  23,212 ","  118,937 ","  350,605 ","  109,907 ","  121,055 ","  107,018 ","  22,834 ","  78,384 ","  120,628 ","  157,982 ","  37,355 ","  88,173 ","  350,298 ","  29,194 ","  65,605 "
2013-08,"  5,679 ",  958 ,"  1,405,351 ","  14,380 ","  22,905 ","  118,650 ","  354,042 ","  109,157 ","  124,257 ","  108,398 ","  22,829 ","  78,657 ","  121,274 ","  158,001 ","  33,728 ","  87,734 ","  353,870 ","  29,245 ","  65,844 "
2013-09,"  5,723 ","  1,089 ","  1,411,875 ","  14,401 ","  23,035 ","  119,135 ","  355,984 ","  109,374 ","  126,031 ","  108,331 ","  22,821 ","  78,801 ","  121,164 ","  158,685 ","  36,065 ","  89,876 ","  358,377 ","  29,300 ","  65,968 "
2013-10,"  5,671 ","  1,106 ","  1,414,829 ","  14,137 ","  23,108 ","  118,582 ","  357,006 ","  109,394 ","  127,361 ","  110,441 ","  22,738 ","  78,631 ","  121,095 ","  159,754 ","  35,924 ","  95,129 ","  365,348 ","  29,317 ","  65,781 "
2013-11,"  5,810 ","  1,020 ","  1,422,175 ","  14,037 ","  23,009 ","  118,911 ","  360,542 ","  111,694 ","  131,065 ","  110,655 ","  22,754 ","  78,910 ","  121,755 ","  163,305 ","  35,047 ","  95,328 ","  369,377 ","  29,226 ","  65,092 "
2013-12,"  5,220 ","  1,018 ","  1,425,349 ","  14,212 ","  22,745 ","  118,511 ","  361,996 ","  111,848 ","  132,937 ","  112,490 ","  22,708 ","  78,705 ","  120,945 ","  163,829 ","  29,753 ","  92,737 ","  369,783 ","  26,264 ","  65,479 "
2014-01,"  5,544 ",  897 ,"  1,429,070 ","  14,170 ","  22,995 ","  117,927 ","  364,750 ","  111,651 ","  134,427 ","  112,894 ","  22,769 ","  79,229 ","  123,811 ","  167,654 ","  30,583 ","  83,753 ","  369,645 ","  25,989 ","  64,178 "
2014-02,"  6,063 ",  895 ,"  1,433,185 ","  14,972 ","  23,153 ","  118,285 ","  367,096 ","  111,567 ","  134,555 ","  113,493 ","  22,723 ","  79,573 ","  124,751 ","  169,828 ","  32,156 ","  82,919 ","  375,282 ","  25,433 ","  64,695 "
2014-03,"  6,286 ",  878 ,"  1,435,239 ","  15,245 ","  23,472 ","  117,437 ","  368,699 ","  110,846 ","  136,083 ","  114,062 ","  22,848 ","  79,767 ","  125,334 ","  173,849 ","  34,412 ","  87,911 ","  378,725 ","  25,905 ","  65,199 "
2014-04,"  6,516 ",  717 ,"  1,438,728 ","  15,374 ","  23,431 ","  118,031 ","  371,062 ","  111,496 ","  138,767 ","  108,167 ","  22,886 ","  80,655 ","  125,731 ","  175,819 ","  33,009 ","  95,031 ","  383,128 ","  26,784 ","  65,400 "
2014-05,"  6,229 ",  701 ,"  1,439,096 ","  15,545 ","  23,810 ","  118,324 ","  374,855 ","  110,107 ","  140,940 ","  104,862 ","  22,843 ","  81,503 ","  125,582 ","  180,948 ","  35,273 ","  95,909 ","  386,783 ","  26,890 ","  65,553 "
2014-06,"  6,264 ",  697 ,"  1,436,178 ","  15,267 ","  23,999 ","  118,674 ","  376,407 ","  109,204 ","  142,438 ","  104,103 ","  22,751 ","  81,035 ","  126,737 ","  186,492 ","  34,307 ","  94,645 ","  390,212 ","  27,387 ","  64,364 "
2014-07,"  6,225 ",  704 ,"  1,436,687 ","  15,274 ","  24,174 ","  118,542 ","  378,775 ","  109,173 ","  144,382 ","  104,798 ","  22,757 ","  81,473 ","  128,454 ","  185,818 ","  35,164 ","  89,117 ","  393,889 ","  27,579 ","  64,300 "
2014-08,"  6,279 ",  707 ,"  1,439,258 ","  15,327 ","  24,268 ","  119,516 ","  381,461 ","  109,321 ","  147,623 ","  104,764 ","  22,811 ","  81,901 ","  127,537 ","  187,522 ","  31,602 ","  88,638 ","  396,158 ","  27,762 ","  64,730 "
2014-09,"  6,245 ",  701 ,"  1,440,956 ","  15,118 ","  24,235 ","  119,131 ","  383,960 ","  109,317 ","  149,668 ","  104,774 ","  22,792 ","  81,988 ","  127,431 ","  187,293 ","  33,004 ","  91,696 ","  399,334 ","  27,265 ","  64,843 "
2014-10,"  6,208 ",  705 ,"  1,439,558 ","  15,252 ","  24,250 ","  119,116 ","  385,363 ","  109,353 ","  152,506 ","  105,164 ","  22,844 ","  82,001 ","  128,122 ","  188,663 ","  32,248 ","  96,599 ","  403,623 ","  27,264 ","  65,088 "
2014-11,"  6,593 ",  710 ,"  1,441,906 ","  11,977 ","  24,221 ","  119,365 ","  388,975 ","  110,322 ","  156,196 ","  104,382 ","  22,755 ","  82,359 ","  128,776 ","  190,396 ","  32,138 ","  97,430 ","  406,214 ","  27,133 ","  65,658 "
2014-12,"  6,125 ",  689 ,"  1,445,592 ","  12,203 ","  23,920 ","  114,194 ","  392,126 ","  111,709 ","  158,416 ","  104,631 ","  22,774 ","  82,515 ","  129,016 ","  189,814 ","  25,369 ","  94,741 ","  406,960 ","  26,330 ","  65,619 "
2015-01,"  5,859 ",  688 ,"  1,445,876 ","  12,305 ","  23,682 ","  113,005 ","  394,886 ","  111,328 ","  158,096 ","  105,076 ","  22,785 ","  81,720 ","  128,982 ","  183,644 ","  26,297 ","  87,402 ","  405,361 ","  25,796 ","  65,182 "
2015-02,"  6,470 ",  687 ,"  1,451,538 ","  12,259 ","  24,140 ","  114,122 ","  400,157 ","  111,501 ","  159,498 ","  105,616 ","  22,859 ","  82,643 ","  130,086 ","  188,435 ","  28,335 ","  87,020 ","  410,884 ","  26,169 ","  65,423 "
2015-03,"  6,354 ",  683 ,"  1,451,415 ","  12,176 ","  24,377 ","  114,323 ","  399,822 ","  104,580 ","  159,495 ","  105,813 ","  22,779 ","  83,203 ","  130,489 ","  189,204 ","  31,711 ","  89,605 ","  411,654 ","  26,238 ","  65,901 "
2015-04,"  6,560 ",  692 ,"  1,452,901 ","  12,115 ","  24,587 ","  115,013 ","  405,293 ","  105,138 ","  163,160 ","  108,912 ","  22,822 ","  83,593 ","  131,167 ","  193,759 ","  29,459 ","  96,199 ","  418,932 ","  27,257 ","  66,707 "
2015-05,"  6,320 ",  696 ,"  1,455,163 ","  12,203 ","  24,915 ","  115,666 ","  408,949 ","  105,635 ","  166,728 ","  109,129 ","  22,890 ","  77,489 ","  132,581 ","  195,765 ","  32,105 ","  97,268 ","  423,235 ","  27,886 ","  66,982 "
2015-06,"  6,268 ",  615 ,"  1,454,664 ","  12,486 ","  24,941 ","  115,971 ","  411,048 ","  106,640 ","  170,850 ","  108,962 ","  22,991 ","  77,605 ","  132,791 ","  195,186 ","  32,637 ","  95,059 ","  426,079 ","  28,098 ","  67,049 "
2015-07,"  6,297 ",  616 ,"  1,450,689 ","  12,574 ","  25,121 ","  116,210 ","  414,531 ","  106,860 ","  175,111 ","  109,923 ","  23,089 ","  78,186 ","  134,117 ","  196,575 ","  33,738 ","  90,659 ","  428,558 ","  28,256 ","  67,241 "
2015-08,"  6,272 ",  619 ,"  1,450,581 ","  12,587 ","  25,068 ","  116,824 ","  417,911 ","  107,116 ","  180,608 ","  111,303 ","  23,102 ","  78,704 ","  130,618 ","  196,204 ","  30,535 ","  90,806 ","  432,649 ","  29,008 ","  67,534 "
2015-09,"  6,322 ",  618 ,"  1,455,941 ","  12,725 ","  25,327 ","  117,389 ","  423,269 ","  107,996 ","  186,295 ","  111,510 ","  23,100 ","  78,957 ","  130,954 ","  196,447 ","  32,442 ","  93,558 ","  439,882 ","  28,698 ","  67,559 "
2015-10,"  6,387 ",  617 ,"  1,459,878 ","  12,710 ","  25,434 ","  117,792 ","  424,895 ","  108,398 ","  190,126 ","  112,409 ","  23,204 ","  78,964 ","  133,378 ","  198,040 ","  33,643 ","  98,787 ","  443,654 ","  28,690 ","  67,993 "
2015-11,"  7,015 ",  625 ,"  1,462,776 ","  12,687 ","  25,294 ","  118,774 ","  429,103 ","  108,960 ","  196,461 ","  112,999 ","  23,119 ","  79,446 ","  134,055 ","  198,918 ","  32,599 ","  99,016 ","  447,651 ","  28,527 ","  68,610 "
2015-12,"  6,457 ",  620 ,"  1,466,046 ","  12,639 ","  24,981 ","  119,310 ","  431,919 ","  109,552 ","  199,385 ","  113,517 ","  23,226 ","  79,981 ","  134,199 ","  199,402 ","  25,859 ","  96,117 ","  448,343 ","  28,049 ","  68,366 "
2016-01,"  6,279 ",  625 ,"  1,472,216 ","  12,652 ","  24,710 ","  118,952 ","  434,426 ","  110,018 ","  199,737 ","  113,672 ","  23,212 ","  80,720 ","  134,280 ","  195,481 ","  27,248 ","  89,951 ","  444,073 ","  27,665 ","  67,286 "
2016-02,"  6,829 ",  707 ,"  1,472,966 ","  12,670 ","  25,012 ","  119,564 ","  436,690 ","  110,264 ","  206,786 ","  114,173 ","  23,169 ","  80,999 ","  134,132 ","  198,445 ","  29,153 ","  89,464 ","  447,387 ","  28,061 ","  67,552 "
2016-03,"  7,169 ",  712 ,"  1,469,601 ","  12,870 ","  25,409 ","  120,610 ","  439,007 ","  110,223 ","  208,875 ","  114,914 ","  23,248 ","  81,074 ","  135,195 ","  198,580 ","  32,339 ","  92,145 ","  439,569 ","  28,392 ","  67,951 "
2016-04,"  7,317 ",  723 ,"  1,470,668 ","  12,775 ","  25,351 ","  138,799 ","  443,239 ","  110,654 ","  211,969 ","  115,537 ","  23,270 ","  81,856 ","  135,981 ","  200,759 ","  30,507 ","  98,496 ","  443,088 ","  29,325 ","  68,063 "
2016-05,"  7,016 ",  721 ,"  1,471,955 ","  12,855 ","  25,398 ","  139,279 ","  446,767 ","  111,098 ","  215,831 ","  116,100 ","  23,486 ","  82,511 ","  136,945 ","  202,941 ","  32,113 ","  99,902 ","  447,313 ","  29,769 ","  68,194 "
2016-06,"  7,079 ",  721 ,"  1,471,277 ","  13,091 ","  25,657 ","  139,982 ","  449,525 ","  111,019 ","  219,717 ","  116,601 ","  23,585 ","  82,738 ","  138,376 ","  203,699 ","  33,054 ","  99,561 ","  451,106 ","  31,394 ","  68,376 "
2016-07,"  7,147 ",  721 ,"  1,474,373 ","  13,273 ","  25,741 ","  140,457 ","  453,296 ","  111,368 ","  223,763 ","  118,111 ","  23,636 ","  82,168 ","  139,342 ","  204,956 ","  34,250 ","  94,049 ","  453,924 ","  31,910 ","  68,339 "
2016-08,"  7,168 ",  710 ,"  1,478,718 ","  13,161 ","  25,581 ","  140,620 ","  456,116 ","  111,057 ","  226,541 ","  119,648 ","  23,705 ","  77,813 ","  139,754 ","  205,333 ","  30,653 ","  93,792 ","  455,902 ","  31,884 ","  68,422 "
2016-09,"  7,219 ",  715 ,"  1,483,635 ","  13,278 ","  25,573 ","  141,502 ","  458,402 ","  111,199 ","  227,907 ","  119,969 ","  23,731 ","  78,383 ","  139,900 ","  207,143 ","  32,151 ","  96,606 ","  459,259 ","  31,229 ","  68,602 "
2016-10,"  7,101 ",  723 ,"  1,485,756 ","  13,362 ","  25,764 ","  142,205 ","  459,912 ","  111,386 ","  230,326 ","  120,384 ","  23,741 ","  78,724 ","  140,253 ","  208,256 ","  32,341 ","  101,534 ","  463,090 ","  34,073 ","  68,708 "
2016-11,"  7,501 ",  715 ,"  1,489,460 ","  13,392 ","  25,904 ","  142,270 ","  462,842 ","  111,993 ","  232,857 ","  120,633 ","  23,771 ","  78,876 ","  140,877 ","  209,490 ","  31,499 ","  101,717 ","  466,011 ","  33,817 ","  69,180 "
2016-12,"  7,027 ",  718 ,"  1,492,169 ","  13,295 ","  25,532 ","  141,778 ","  464,763 ","  112,403 ","  233,764 ","  120,729 ","  23,976 ","  79,553 ","  141,587 ","  209,422 ","  25,923 ","  98,829 ","  467,727 ","  33,400 ","  69,451 "
2017-01,"  6,887 ",  712 ,"  1,495,337 ","  13,381 ","  25,467 ","  141,817 ","  467,363 ","  112,677 ","  233,573 ","  120,423 ","  23,907 ","  77,337 ","  142,939 ","  206,134 ","  27,303 ","  93,126 ","  466,393 ","  32,925 ","  69,347 "
2017-02,"  7,002 ",  718 ,"  1,500,129 ","  13,524 ","  25,989 ","  142,558 ","  469,141 ","  112,690 ","  234,271 ","  121,693 ","  23,913 ","  78,799 ","  144,217 ","  210,645 ","  30,369 ","  92,605 ","  471,477 ","  33,044 ","  69,921 "
2017-03,"  7,184 ",  720 ,"  1,504,820 ","  13,467 ","  26,366 ","  143,364 ","  469,445 ","  112,879 ","  234,695 ","  121,867 ","  24,084 ","  78,282 ","  146,418 ","  212,068 ","  33,697 ","  95,202 ","  470,299 ","  32,805 ","  70,205 "
2017-04,"  7,319 ",  734 ,"  1,508,359 ","  13,495 ","  26,640 ","  144,685 ","  471,706 ","  113,111 ","  237,661 ","  121,512 ","  24,130 ","  78,895 ","  147,441 ","  213,541 ","  33,651 ","  101,624 ","  476,402 ","  33,350 ","  70,498 "
2017-05,"  7,367 ",  767 ,"  1,507,416 ","  13,523 ","  26,890 ","  144,777 ","  471,671 ","  113,755 ","  238,702 ","  121,682 ","  24,289 ","  79,244 ","  147,984 ","  216,000 ","  34,252 ","  102,529 ","  479,933 ","  33,774 ","  70,494 "
2017-06,"  7,375 ",  764 ,"  1,509,048 ","  13,831 ","  27,080 ","  145,650 ","  473,767 ","  113,989 ","  240,488 ","  121,807 ","  24,325 ","  79,849 ","  148,647 ","  215,799 ","  33,983 ","  101,081 ","  484,044 ","  34,068 ","  70,449 "
2017-07,"  7,415 ",  764 ,"  1,514,289 ","  13,892 ","  27,427 ","  146,544 ","  476,581 ","  113,865 ","  242,890 ","  122,835 ","  24,463 ","  80,682 ","  150,259 ","  215,351 ","  35,329 ","  96,957 ","  487,640 ","  34,650 ","  70,849 "
2017-08,"  7,418 ",  767 ,"  1,513,728 ","  13,640 ","  27,253 ","  147,136 ","  478,025 ","  113,740 ","  246,096 ","  124,027 ","  24,521 ","  81,176 ","  150,366 ","  214,880 ","  33,205 ","  96,272 ","  490,016 ","  35,012 ","  71,149 "
2017-09,"  7,457 ",  772 ,"  1,519,753 ","  13,670 ","  27,197 ","  145,596 ","  478,133 ","  113,956 ","  245,646 ","  124,910 ","  24,522 ","  81,034 ","  150,564 ","  215,512 ","  34,591 ","  100,489 ","  497,050 ","  34,751 ","  71,035 "
2017-10,"  7,459 ",  793 ,"  1,522,155 ","  13,602 ","  27,223 ","  145,880 ","  479,001 ","  113,917 ","  247,673 ","  124,277 ","  24,475 ","  81,130 ","  151,034 ","  215,865 ","  35,531 ","  103,207 ","  499,776 ","  35,348 ","  71,040 "
2017-11,"  7,577 ",  799 ,"  1,527,633 ","  13,629 ","  27,162 ","  146,893 ","  482,438 ","  114,002 ","  251,096 ","  124,946 ","  24,542 ","  81,329 ","  151,498 ","  215,023 ","  35,132 ","  103,523 ","  505,293 ","  35,291 ","  71,329 "
2017-12,"  7,385 ",  823 ,"  1,534,176 ","  13,601 ","  26,721 ","  147,188 ","  484,454 ","  114,674 ","  254,152 ","  125,213 ","  24,703 ","  81,665 ","  152,226 ","  213,772 ","  28,630 ","  101,301 ","  506,897 ","  35,056 ","  71,759 "
2018-01,"  7,139 ",  826 ,"  1,535,724 ","  13,741 ","  27,177 ","  146,300 ","  485,152 ","  114,377 ","  255,516 ","  126,210 ","  24,810 ","  80,727 ","  151,429 ","  204,466 ","  29,441 ","  95,673 ","  503,148 ","  37,202 ","  71,592 "
2018-02,"  7,322 ",  837 ,"  1,540,625 ","  13,868 ","  27,559 ","  147,743 ","  491,817 ","  116,846 ","  264,321 ","  127,518 ","  24,906 ","  81,953 ","  151,602 ","  207,567 ","  32,946 ","  96,148 ","  507,909 ","  37,826 ","  72,734 "
2018-03,"  7,541 ",  824 ,"  1,537,453 ","  13,798 ","  27,809 ","  135,130 ","  492,288 ","  116,632 ","  266,378 ","  128,814 ","  25,010 ","  82,228 ","  153,717 ","  212,427 ","  36,724 ","  100,474 ","  510,321 ","  44,150 ","  72,851 "
2018-04,"  7,703 ",  794 ,"  1,535,766 ","  13,633 ","  31,786 ","  135,328 ","  495,755 ","  117,144 ","  272,460 ","  129,389 ","  25,122 ","  82,939 ","  151,583 ","  213,396 ","  37,285 ","  108,440 ","  516,664 ","  45,946 ","  68,564 "
2018-05,"  7,738 ",  789 ,"  1,534,924 ","  13,698 ","  32,042 ","  136,008 ","  497,346 ","  117,920 ","  276,578 ","  130,239 ","  25,166 ","  83,813 ","  152,754 ","  215,299 ","  38,318 ","  109,458 ","  520,720 ","  46,962 ","  68,756 "
2018-06,"  7,827 ",  795 ,"  1,534,645 ","  14,048 ","  32,408 ","  136,963 ","  500,526 ","  118,412 ","  280,845 ","  130,998 ","  25,386 ","  84,278 ","  153,290 ","  216,005 ","  37,979 ","  108,284 ","  525,654 ","  47,926 ","  68,847 "
2018-07,"  7,884 ",  785 ,"  1,537,008 ","  14,294 ","  32,754 ","  137,925 ","  502,911 ","  118,788 ","  285,068 ","  131,580 ","  25,556 ","  84,371 ","  155,317 ","  226,727 ","  39,441 ","  104,158 ","  530,311 ","  38,741 ","  69,121 "
2018-08,"  7,943 ",  772 ,"  1,535,376 ","  14,155 ","  32,547 ","  138,529 ","  505,616 ","  118,874 ","  287,313 ","  131,975 ","  25,554 ","  85,021 ","  156,043 ","  227,187 ","  36,719 ","  103,463 ","  533,958 ","  38,995 ","  69,309 "
2018-09,"  7,929 ",  758 ,"  1,536,452 ","  14,149 ","  32,500 ","  139,291 ","  508,751 ","  119,562 ","  290,057 ","  131,667 ","  25,670 ","  85,402 ","  156,083 ","  223,605 ","  38,229 ","  111,181 ","  545,910 ","  38,792 ","  69,751 "
2018-10,"  7,891 ",  762 ,"  1,536,379 ","  14,021 ","  32,596 ","  139,906 ","  509,565 ","  120,478 ","  291,162 ","  131,955 ","  25,712 ","  85,995 ","  156,679 ","  223,431 ","  38,245 ","  116,364 ","  556,889 ","  38,954 ","  69,992 "
2018-11,"  7,902 ",  784 ,"  1,539,124 ","  14,078 ","  32,509 ","  140,650 ","  514,004 ","  121,146 ","  296,674 ","  132,739 ","  25,800 ","  86,054 ","  157,561 ","  224,260 ","  37,851 ","  116,689 ","  564,392 ","  39,104 ","  70,469 "
2018-12,"  7,795 ",  777 ,"  1,540,585 ","  14,246 ","  32,397 ","  141,130 ","  517,112 ","  121,971 ","  299,945 ","  132,887 ","  25,843 ","  87,510 ","  160,249 ","  224,556 ","  32,070 ","  114,667 ","  569,451 ","  38,600 ","  70,768 "
2019-01,"  7,672 ",  779 ,"  1,543,581 ","  14,425 ","  32,382 ","  140,793 ","  518,162 ","  123,062 ","  302,323 ","  133,171 ","  25,798 ","  85,504 ","  160,218 ","  218,277 ","  34,151 ","  108,497 ","  568,223 ","  38,275 ","  82,207 "
2019-02,"  7,726 ",  788 ,"  1,545,126 ","  14,189 ","  32,964 ","  141,452 ","  522,933 ","  123,833 ","  308,946 ","  133,922 ","  25,963 ","  86,670 ","  160,847 ","  224,253 ","  36,867 ","  108,875 ","  579,487 ","  38,606 ","  82,835 "
2019-03,"  7,808 ",  780 ,"  1,543,391 ","  14,365 ","  33,317 ","  142,226 ","  523,381 ","  123,811 ","  311,230 ","  133,649 ","  26,114 ","  87,493 ","  160,511 ","  224,132 ","  42,148 ","  114,949 ","  585,410 ","  39,125 ","  83,475 "
2019-04,"  7,972 ",  798 ,"  1,543,263 ","  14,303 ","  33,485 ","  142,454 ","  526,933 ","  124,805 ","  317,447 ","  134,025 ","  26,231 ","  87,711 ","  161,593 ","  224,486 ","  40,973 ","  121,269 ","  595,481 ","  39,981 ","  83,638 "
2019-05,"  8,160 ",  780 ,"  1,541,544 ","  14,335 ","  33,794 ","  143,320 ","  530,617 ","  125,346 ","  321,359 ","  134,659 ","  26,293 ","  87,913 ","  162,427 ","  227,957 ","  43,447 ","  122,844 ","  603,652 ","  40,529 ","  82,189 "
2019-06,"  8,228 ",  768 ,"  1,539,462 ","  14,373 ","  33,984 ","  143,860 ","  532,198 ","  126,041 ","  324,463 ","  134,463 ","  26,357 ","  87,526 ","  163,438 ","  229,998 ","  43,517 ","  122,212 ","  611,786 ","  40,853 ","  82,270 "
2019-07,"  8,335 ",  784 ,"  1,539,802 ","  14,579 ","  34,305 ","  144,754 ","  533,604 ","  130,627 ","  328,901 ","  135,131 ","  26,550 ","  88,260 ","  164,890 ","  231,504 ","  44,798 ","  118,664 ","  618,536 ","  41,260 ","  83,030 "
2019-08,"  8,303 ",  778 ,"  1,536,171 ","  14,768 ","  34,194 ","  145,586 ","  534,394 ","  130,818 ","  330,911 ","  135,686 ","  26,534 ","  86,638 ","  165,443 ","  234,312 ","  42,085 ","  118,600 ","  623,147 ","  41,716 ","  83,848 "
2019-09,"  8,378 ",  762 ,"  1,535,211 ","  14,534 ","  34,451 ","  146,027 ","  535,312 ","  131,082 ","  331,945 ","  135,213 ","  26,735 ","  87,412 ","  166,053 ","  233,460 ","  44,627 ","  121,504 ","  630,372 ","  41,272 ","  82,495 "
2019-10,"  8,483 ",  739 ,"  1,533,893 ","  14,613 ","  34,476 ","  145,747 ","  537,598 ","  132,071 ","  335,951 ","  135,685 ","  26,799 ","  87,523 ","  166,297 ","  234,525 ","  46,140 ","  125,501 ","  637,842 ","  41,335 ","  82,437 "
2019-11,"  8,513 ",  711 ,"  1,535,731 ","  14,617 ","  34,498 ","  145,819 ","  540,654 ","  132,374 ","  338,825 ","  136,164 ","  26,812 ","  87,880 ","  167,132 ","  235,049 ","  44,798 ","  125,782 ","  644,322 ","  41,275 ","  82,285 "
2019-12,"  8,366 ",  686 ,"  1,534,957 ","  14,548 ","  34,228 ","  145,324 ","  543,394 ","  133,003 ","  341,638 ","  135,853 ","  26,825 ","  87,511 ","  167,425 ","  237,452 ","  36,137 ","  124,983 ","  644,497 ","  40,798 ","  82,335 "
2020-01,"  8,164 ",  697 ,"  1,530,479 ","  14,721 ","  33,568 ","  144,399 ","  543,284 ","  133,091 ","  339,671 ","  136,995 ","  26,716 ","  86,168 ","  168,416 ","  230,643 ","  36,099 ","  122,050 ","  639,518 ","  40,403 ","  81,906 "
2020-02,"  8,290 ",  617 ,"  1,533,532 ","  14,539 ","  33,937 ","  145,793 ","  546,654 ","  133,750 ","  340,756 ","  137,809 ","  26,786 ","  87,163 ","  169,987 ","  235,262 ","  40,493 ","  121,512 ","  646,606 ","  40,368 ","  82,402 "
2020-03,"  8,508 ",  610 ,"  1,531,504 ","  15,084 ","  34,468 ","  146,577 ","  545,827 ","  132,288 ","  331,463 ","  137,333 ","  27,078 ","  87,450 ","  171,049 ","  236,754 ","  44,627 ","  120,838 ","  644,890 ","  39,962 ","  81,852 "
2020-04,"  8,645 ",  597 ,"  1,533,766 ","  14,930 ","  35,016 ","  147,686 ","  546,434 ","  130,226 ","  329,153 ","  137,665 ","  27,332 ","  87,335 ","  171,459 ","  239,259 ","  45,901 ","  123,141 ","  647,840 ","  39,839 ","  82,205 "
2020-05,"  8,713 ",  597 ,"  1,532,576 ","  14,949 ","  35,488 ","  148,235 ","  547,144 ","  130,017 ","  331,611 ","  137,589 ","  27,458 ","  87,532 ","  172,711 ","  243,182 ","  51,657 ","  124,515 ","  656,301 ","  39,971 ","  81,610 "
2020-06,"  8,801 ",  591 ,"  1,530,828 ","  15,068 ","  35,646 ","  148,824 ","  551,289 ","  129,866 ","  338,101 ","  138,570 ","  27,421 ","  87,455 ","  173,687 ","  247,460 ","  51,933 ","  126,086 ","  668,599 ","  40,024 ","  81,763 "
2020-07,"  8,814 ",  584 ,"  1,530,806 ","  15,283 ","  35,485 ","  148,254 ","  554,055 ","  129,618 ","  342,616 ","  139,941 ","  27,466 ","  87,912 ","  174,888 ","  247,725 ","  53,199 ","  126,875 ","  676,682 ","  39,866 ","  82,921 "
2020-08,"  8,854 ",  569 ,"  1,528,300 ","  15,344 ","  36,896 ","  148,004 ","  554,917 ","  129,161 ","  344,739 ","  141,093 ","  27,595 ","  88,438 ","  175,682 ","  249,570 ","  69,948 ","  125,649 ","  682,037 ","  39,858 ","  82,726 "
2020-09,"  8,858 ",  558 ,"  1,531,268 ","  15,412 ","  37,598 ","  148,514 ","  556,575 ","  128,716 ","  339,120 ","  142,106 ","  27,763 ","  89,049 ","  177,452 ","  250,195 ","  88,529 ","  126,173 ","  685,731 ","  39,568 ","  82,253 "
2020-10,"  8,908 ",  566 ,"  1,535,912 ","  15,236 ","  38,065 ","  149,915 ","  558,855 ","  128,777 ","  337,855 ","  143,124 ","  27,827 ","  89,015 ","  178,706 ","  251,931 ","  99,424 ","  128,603 ","  692,436 ","  39,389 ","  82,025 "
2020-11,"  8,979 ",  563 ,"  1,540,249 ","  15,340 ","  38,343 ","  151,622 ","  562,426 ","  128,807 ","  340,226 ","  144,186 ","  27,889 ","  89,133 ","  179,843 ","  252,460 ","  100,578 ","  130,768 ","  699,827 ","  39,304 ","  82,092 "
2020-12,"  8,958 ",  549 ,"  1,546,493 ","  15,334 ","  35,564 ","  150,840 ","  566,874 ","  129,332 ","  337,347 ","  146,259 ","  27,900 ","  89,391 ","  180,756 ","  247,986 ","  48,766 ","  129,931 ","  696,509 ","  38,392 ","  81,776 "
2021-01,"  8,729 ",  563 ,"  1,557,481 ","  15,197 ","  35,307 ","  150,749 ","  566,842 ","  128,805 ","  325,285 ","  146,853 ","  27,806 ","  88,404 ","  181,127 ","  238,027 ","  38,692 ","  125,570 ","  684,257 ","  37,044 ","  80,886 "
2021-02,"  9,093 ",  570 ,"  1,568,134 ","  15,391 ","  36,222 ","  152,049 ","  571,634 ","  129,389 ","  322,977 ","  148,203 ","  27,991 ","  89,436 ","  183,562 ","  245,836 ","  44,027 ","  124,524 ","  700,347 ","  37,253 ","  81,008 "
2021-03,"  9,218 ",  576 ,"  1,570,976 ","  15,593 ","  36,952 ","  152,812 ","  575,161 ","  129,153 ","  323,791 ","  148,540 ","  28,270 ","  89,954 ","  184,829 ","  249,045 ","  51,002 ","  131,501 ","  708,058 ","  37,815 ","  81,218 "
2021-04,"  9,348 ",  581 ,"  1,571,149 ","  15,586 ","  37,222 ","  154,340 ","  580,229 ","  129,081 ","  327,701 ","  147,843 ","  28,462 ","  90,553 ","  186,721 ","  258,056 ","  54,277 ","  137,184 ","  717,887 ","  38,671 ","  82,444 "
2021-05,"  9,303 ",  584 ,"  1,572,957 ","  15,621 ","  37,388 ","  154,762 ","  581,743 ","  128,691 ","  330,815 ","  148,708 ","  28,447 ","  90,611 ","  187,610 ","  260,243 ","  55,813 ","  139,289 ","  725,060 ","  39,237 ","  82,457 "
2021-06,"  9,366 ",  583 ,"  1,574,153 ","  15,432 ","  38,191 ","  156,004 ","  585,932 ","  128,735 ","  333,957 ","  149,837 ","  28,458 ","  91,230 ","  188,869 ","  261,093 ","  61,326 ","  141,474 ","  732,120 ","  39,902 ","  83,747 "
2021-07,"  9,387 ",  579 ,"  1,576,695 ","  15,380 ","  38,724 ","  156,377 ","  587,511 ","  128,772 ","  334,502 ","  151,446 ","  28,550 ","  91,530 ","  190,773 ","  261,924 ","  62,367 ","  138,997 ","  740,883 ","  40,569 ","  84,246 "
2021-08,"  9,441 ",  580 ,"  1,577,160 ","  15,563 ","  38,795 ","  156,565 ","  589,912 ","  129,085 ","  333,997 ","  150,460 ","  28,760 ","  92,162 ","  191,435 ","  263,758 ","  59,456 ","  141,109 ","  745,554 ","  40,534 ","  84,374 "
2021-09,"  9,531 ",  591 ,"  1,581,356 ","  15,794 ","  38,888 ","  157,168 ","  589,648 ","  129,249 ","  332,562 ","  151,839 ","  28,884 ","  92,443 ","  192,804 ","  263,704 ","  61,997 ","  145,999 ","  752,333 ","  40,407 ","  83,213 "
2021-10,"  9,578 ",  592 ,"  1,584,680 ","  15,719 ","  38,529 ","  157,899 ","  592,742 ","  128,999 ","  332,862 ","  152,895 ","  28,962 ","  92,938 ","  193,828 ","  265,699 ","  62,727 ","  149,775 ","  760,848 ","  40,560 ","  83,383 "
2021-11,"  9,605 ",  597 ,"  1,590,269 ","  15,774 ","  38,350 ","  158,824 ","  595,239 ","  128,728 ","  336,362 ","  153,893 ","  28,994 ","  93,895 ","  195,411 ","  266,619 ","  59,329 ","  150,743 ","  767,124 ","  40,599 ","  83,322 "
2021-12,"  9,440 ",  606 ,"  1,592,557 ","  15,784 ","  37,663 ","  159,282 ","  597,424 ","  128,689 ","  340,974 ","  154,304 ","  28,946 ","  94,615 ","  195,572 ","  269,997 ","  44,499 ","  149,233 ","  755,718 ","  40,312 ","  82,918 "
2022-01,"  9,387 ",  609 ,"  1,602,363 ","  15,695 ","  37,606 ","  159,910 ","  597,344 ","  127,675 ","  340,744 ","  154,804 ","  28,790 ","  93,705 ","  196,545 ","  263,886 ","  42,000 ","  139,055 ","  750,792 ","  39,559 ","  81,539 "
2022-02,"  9,535 ",  606 ,"  1,606,480 ","  15,759 ","  38,418 ","  161,402 ","  601,470 ","  128,622 ","  342,235 ","  155,771 ","  28,902 ","  94,114 ","  198,979 ","  274,096 ","  49,242 ","  137,872 ","  769,467 ","  39,608 ","  82,268 "
2022-03,"  9,695 ",  614 ,"  1,609,852 ","  15,756 ","  38,597 ","  162,109 ","  601,064 ","  128,879 ","  340,138 ","  156,224 ","  29,174 ","  94,896 ","  200,733 ","  273,733 ","  54,248 ","  148,053 ","  774,057 ","  39,947 ","  82,392 "
2022-04,"  9,908 ",  629 ,"  1,614,243 ","  15,652 ","  38,761 ","  162,917 ","  602,772 ","  129,547 ","  343,253 ","  156,942 ","  29,297 ","  95,669 ","  202,430 ","  276,060 ","  57,351 ","  154,613 ","  781,961 ","  40,834 ","  83,071 "
2022-05,"  9,992 ",  621 ,"  1,614,385 ","  16,049 ","  38,824 ","  163,024 ","  604,568 ","  129,590 ","  345,884 ","  158,238 ","  29,533 ","  95,852 ","  203,008 ","  276,022 ","  56,287 ","  155,531 ","  786,728 ","  41,683 ","  83,345 "
2022-06,"  10,050 ",  607 ,"  1,613,777 ","  16,003 ","  38,849 ","  162,805 ","  604,320 ","  129,408 ","  348,394 ","  159,565 ","  29,767 ","  96,185 ","  203,905 ","  277,358 ","  54,212 ","  155,095 ","  790,679 ","  42,048 ","  83,861 "
2022-07,"  10,120 ",  591 ,"  1,614,622 ","  16,071 ","  39,063 ","  163,007 ","  602,780 ","  129,060 ","  350,555 ","  161,801 ","  29,992 ","  96,578 ","  204,860 ","  277,536 ","  52,927 ","  147,605 ","  794,213 ","  42,976 ","  84,704 "
2022-08,"  10,123 ",  584 ,"  1,615,761 ","  15,865 ","  39,110 ","  163,431 ","  603,405 ","  129,191 ","  353,551 ","  162,352 ","  30,080 ","  97,550 ","  206,154 ","  278,040 ","  51,540 ","  150,240 ","  799,079 ","  43,185 ","  84,662 "
2022-09,"  10,116 ",  586 ,"  1,617,919 ","  15,821 ","  39,158 ","  163,957 ","  604,478 ","  129,288 ","  352,586 ","  163,239 ","  30,159 ","  98,139 ","  207,094 ","  278,493 ","  52,786 ","  154,693 ","  802,597 ","  42,739 ","  83,699 "
2022-10,"  10,091 ",  582 ,"  1,620,027 ","  15,780 ","  39,145 ","  163,462 ","  604,535 ","  129,508 ","  353,723 ","  163,591 ","  30,223 ","  98,303 ","  208,011 ","  274,904 ","  51,097 ","  156,839 ","  810,480 ","  42,822 ","  83,028 "
2022-11,"  10,066 ",  572 ,"  1,616,906 ","  15,808 ","  39,215 ","  163,398 ","  607,122 ","  129,679 ","  353,478 ","  163,730 ","  30,256 ","  96,713 ","  208,271 ","  276,231 ","  50,013 ","  156,583 ","  813,174 ","  42,222 ","  83,021 "
2022-12,"  9,989 ",  565 ,"  1,623,792 ","  15,865 ","  38,764 ","  163,598 ","  609,094 ","  130,490 ","  355,812 ","  163,631 ","  30,245 ","  96,121 ","  208,974 ","  274,108 ","  39,447 ","  154,493 ","  798,466 ","  41,556 ","  82,548 "
2023-01,"  10,365 ",  565 ,"  1,631,918 ","  15,895 ","  38,263 ","  160,541 ","  605,761 ","  129,547 ","  354,961 ","  163,707 ","  30,159 ","  94,722 ","  209,251 ","  266,880 ","  38,731 ","  142,678 ","  795,321 ","  40,238 ","  81,662 "
2023-02,"  11,021 ",  573 ,"  1,653,935 ","  15,834 ","  39,405 ","  161,322 ","  610,260 ","  130,045 ","  358,305 ","  164,508 ","  30,322 ","  95,271 ","  211,279 ","  276,070 ","  44,914 ","  141,798 ","  824,871 ","  40,676 ","  82,298 "
2023-03,"  11,575 ",  585 ,"  1,669,854 ","  15,827 ","  40,212 ","  160,800 ","  603,483 ","  130,497 ","  366,094 ","  165,662 ","  30,328 ","  95,377 ","  212,113 ","  277,587 ","  49,025 ","  147,067 ","  833,289 ","  41,238 ","  82,892 "
2023-04,"  11,834 ",  585 ,"  1,676,677 ","  15,738 ","  40,461 ","  160,634 ","  603,859 ","  130,759 ","  371,135 ","  166,554 ","  30,408 ","  95,153 ","  213,371 ","  281,003 ","  49,564 ","  151,995 ","  843,667 ","  41,890 ","  83,258 "
2023-05,"  12,006 ",  596 ,"  1,679,259 ","  15,797 ","  40,712 ","  160,590 ","  603,514 ","  131,169 ","  374,638 ","  167,688 ","  30,521 ","  94,951 ","  215,713 ","  281,491 ","  49,979 ","  152,867 ","  850,788 ","  42,247 ","  83,769 "
2023-06,"  12,246 ",  598 ,"  1,682,648 ","  15,766 ","  40,804 ","  160,194 ","  603,086 ","  131,499 ","  378,044 ","  168,133 ","  30,795 ","  95,056 ","  216,159 ","  282,992 ","  49,813 ","  150,030 ","  857,801 ","  42,506 ","  84,427 "
2023-07,"  12,241 ",  594 ,"  1,680,674 ","  15,768 ","  41,172 ","  159,582 ","  602,247 ","  131,251 ","  379,976 ","  168,805 ","  30,898 ","  94,818 ","  218,302 ","  283,291 ","  50,348 ","  148,090 ","  864,073 ","  43,412 ","  84,974 "
2023-08,"  12,575 ",  595 ,"  1,680,598 ","  15,829 ","  41,256 ","  159,437 ","  601,971 ","  131,649 ","  382,334 ","  169,248 ","  30,896 ","  95,114 ","  217,227 ","  286,673 ","  49,025 ","  147,404 ","  868,698 ","  43,455 ","  84,912 "
2023-09,"  12,665 ",  582 ,"  1,684,210 ","  15,858 ","  41,316 ","  159,227 ","  603,055 ","  132,335 ","  381,780 ","  169,299 ","  30,969 ","  95,218 ","  216,615 ","  284,585 ","  50,900 ","  148,762 ","  873,305 ","  42,897 ","  83,775 "
2023-10,"  12,712 ",  584 ,"  1,684,578 ","  15,737 ","  41,402 ","  159,119 ","  603,436 ","  132,638 ","  383,431 ","  169,758 ","  30,907 ","  94,354 ","  217,155 ","  284,484 ","  50,208 ","  151,069 ","  879,375 ","  42,738 ","  83,307 "
2023-11,"  12,739 ",  583 ,"  1,688,029 ","  15,761 ","  41,307 ","  159,074 ","  603,936 ","  132,669 ","  383,795 ","  170,245 ","  30,928 ","  94,641 ","  217,919 ","  282,906 ","  48,983 ","  151,004 ","  880,860 ","  42,456 ","  83,264 "
2023-12,"  12,637 ",  577 ,"  1,690,319 ","  15,793 ","  40,168 ","  158,863 ","  603,559 ","  133,340 ","  384,345 ","  169,212 ","  30,847 ","  94,466 ","  217,744 ","  281,052 ","  39,578 ","  148,892 ","  857,976 ","  41,455 ","  82,826 "
2024-01,"  12,596 ",  554 ,"  1,689,216 ","  15,539 ","  40,227 ","  157,694 ","  602,185 ","  132,671 ","  383,488 ","  168,644 ","  30,720 ","  93,795 ","  217,848 ","  276,671 ","  38,094 ","  145,001 ","  859,208 ","  40,401 ","  81,935 "
2024-02,"  12,776 ",  563 ,"  1,692,510 ","  15,436 ","  41,504 ","  157,690 ","  603,106 ","  133,444 ","  386,699 ","  169,468 ","  30,819 ","  94,227 ","  218,912 ","  285,320 ","  44,083 ","  144,358 ","  902,419 ","  40,739 ","  82,682 "
2024-03,"  12,895 ",  548 ,"  1,695,519 ","  15,590 ","  41,995 ","  157,406 ","  602,654 ","  133,694 ","  384,849 ","  169,349 ","  30,897 ","  94,833 ","  218,961 ","  285,250 ","  48,247 ","  148,830 ","  912,736 ","  41,193 ","  83,551 "