date,보건업 및 사회복지 서비스업(86~87),제조업(10~34),도매 및 소매업(45~47),숙박 및 음식점업(55~56),"사업시설 관리, 사업 지원 및 임대 서비스업(74~76)","전문, 과학 및 기술 서비스업(70~73)",교육 서비스업(85),정보통신업(58~63),건설업(41~42),운수 및 창고업(49~52),"공공 행정, 국방 및 사회보장 행정(84)",부동산업(68),"협회 및 단체, 수리 및 기타 개인 서비스업(94~96)","예술, 스포츠 및 여가관련 서비스업(90~91)","수도, 하수 및 폐기물 처리, 원료 재생업(36~39)",금융 및 보험업(64~66),"농업, 임업 및 어업(01~03)","전기, 가스, 증기 및 공기 조절 공급업(35)",광업(05~08)
2007-01,"  136,257 ","  1,075,488 ","  207,068 ","  49,929 ","  77,310 ","  79,955 ","  52,077 ","  78,920 ","  112,277 ","  86,360 ","  22,054 ","  57,143 ","  51,281 ","  20,534 ","  19,331 ","  18,983 ","  4,090 ","  12,064 ","  1,401 "
2007-02,"  138,287 ","  1,082,058 ","  210,271 ","  50,888 ","  79,090 ","  81,255 ","  51,576 ","  79,633 ","  113,072 ","  86,702 ","  23,261 ","  57,472 ","  51,127 ","  20,523 ","  19,391 ","  19,019 ","  4,503 ","  12,063 ","  1,384 "
2007-03,"  142,007 ","  1,082,840 ","  211,834 ","  51,334 ","  80,122 ","  81,910 ","  53,017 ","  80,272 ","  113,668 ","  86,340 ","  22,497 ","  57,732 ","  50,918 ","  20,879 ","  19,397 ","  19,152 ","  4,860 ","  12,081 ","  1,353 "
2007-04,"  145,672 ","  1,085,524 ","  215,471 ","  52,124 ","  82,934 ","  82,980 ","  54,429 ","  80,890 ","  115,614 ","  87,311 ","  24,069 ","  58,229 ","  51,731 ","  21,465 ","  19,750 ","  19,304 ","  5,153 ","  12,175 ","  1,358 "
2007-05,"  147,838 ","  1,086,035 ","  217,312 ","  54,131 ","  83,901 ","  83,767 ","  55,631 ","  81,494 ","  116,782 ","  88,716 ","  25,278 ","  58,651 ","  52,585 ","  21,802 ","  19,876 ","  19,379 ","  4,829 ","  12,152 ","  1,373 "
2007-06,"  151,989 ","  1,093,718 ","  212,885 ","  55,508 ","  85,071 ","  84,060 ","  55,552 ","  83,956 ","  117,401 ","  89,251 ","  23,900 ","  59,378 ","  52,915 ","  22,162 ","  19,971 ","  19,380 ","  4,828 ","  12,148 ","  1,397 "
2007-07,"  155,620 ","  1,100,908 ","  213,954 ","  57,119 ","  84,026 ","  85,344 ","  54,779 ","  83,752 ","  117,881 ","  89,420 ","  25,191 ","  60,128 ","  53,400 ","  22,466 ","  19,624 ","  19,423 ","  4,877 ","  12,119 ","  1,548 "
2007-08,"  157,039 ","  1,103,728 ","  215,273 ","  58,518 ","  84,481 ","  85,550 ","  54,774 ","  83,749 ","  118,591 ","  90,340 ","  25,770 ","  60,790 ","  53,804 ","  22,518 ","  19,868 ","  19,465 ","  4,953 ","  12,187 ","  1,550 "
2007-09,"  158,873 ","  1,105,411 ","  216,632 ","  58,990 ","  84,607 ","  85,513 ","  55,670 ","  83,864 ","  118,860 ","  90,685 ","  25,337 ","  60,840 ","  53,872 ","  22,575 ","  19,744 ","  19,473 ","  4,917 ","  12,201 ","  1,471 "
2007-10,"  161,008 ","  1,106,029 ","  217,575 ","  59,339 ","  85,021 ","  86,169 ","  56,746 ","  84,162 ","  119,348 ","  91,375 ","  25,118 ","  61,312 ","  54,243 ","  22,583 ","  19,786 ","  19,552 ","  4,931 ","  12,230 ","  1,454 "
2007-11,"  163,495 ","  1,112,543 ","  220,556 ","  60,481 ","  85,231 ","  86,789 ","  56,917 ","  84,478 ","  120,442 ","  92,014 ","  25,670 ","  65,949 ","  54,872 ","  22,656 ","  20,112 ","  19,671 ","  5,097 ","  12,282 ","  1,435 "
2007-12,"  164,423 ","  1,116,136 ","  222,798 ","  61,059 ","  85,146 ","  86,257 ","  56,514 ","  85,118 ","  120,432 ","  92,565 ","  23,697 ","  66,315 ","  55,307 ","  22,128 ","  20,010 ","  19,751 ","  4,563 ","  12,346 ","  1,424 "
2008-01,"  163,114 ","  1,123,425 ","  223,540 ","  61,208 ","  84,044 ","  86,579 ","  54,378 ","  85,973 ","  120,886 ","  92,198 ","  22,601 ","  66,449 ","  55,128 ","  22,223 ","  19,780 ","  19,843 ","  4,290 ","  12,290 ","  1,409 "
2008-02,"  166,829 ","  1,125,457 ","  225,423 ","  61,634 ","  85,118 ","  87,245 ","  54,568 ","  86,210 ","  110,835 ","  92,258 ","  24,396 ","  66,775 ","  56,350 ","  22,419 ","  19,838 ","  19,997 ","  4,850 ","  12,252 ","  1,395 "
2008-03,"  170,611 ","  1,121,787 ","  226,835 ","  61,811 ","  85,103 ","  87,606 ","  56,119 ","  86,048 ","  111,502 ","  92,474 ","  25,039 ","  67,772 ","  56,227 ","  22,553 ","  19,930 ","  20,268 ","  5,383 ","  12,359 ","  1,335 "
2008-04,"  174,334 ","  1,122,756 ","  229,957 ","  61,887 ","  87,658 ","  87,962 ","  57,977 ","  86,257 ","  112,442 ","  93,200 ","  26,004 ","  68,203 ","  57,260 ","  22,900 ","  20,215 ","  20,387 ","  5,436 ","  12,143 ","  1,281 "
2008-05,"  177,290 ","  1,119,786 ","  230,838 ","  62,622 ","  89,807 ","  89,453 ","  59,273 ","  87,169 ","  113,243 ","  93,388 ","  26,618 ","  68,549 ","  57,713 ","  23,347 ","  20,388 ","  20,476 ","  4,996 ","  12,269 ","  1,305 "
2008-06,"  179,410 ","  1,116,916 ","  232,236 ","  61,879 ","  90,060 ","  89,582 ","  59,760 ","  87,432 ","  113,592 ","  93,873 ","  24,997 ","  69,118 ","  57,916 ","  23,492 ","  20,320 ","  20,587 ","  5,037 ","  12,269 ","  1,297 "
2008-07,"  180,366 ","  1,117,032 ","  233,752 ","  61,965 ","  90,537 ","  91,014 ","  59,230 ","  87,482 ","  113,776 ","  94,111 ","  27,131 ","  68,745 ","  57,945 ","  23,607 ","  20,371 ","  20,690 ","  5,029 ","  12,236 ","  1,395 "
2008-08,"  182,010 ","  1,111,738 ","  235,388 ","  61,807 ","  92,240 ","  91,682 ","  58,754 ","  87,365 ","  113,737 ","  94,039 ","  27,383 ","  68,904 ","  57,733 ","  23,434 ","  20,525 ","  20,687 ","  5,105 ","  12,266 ","  1,416 "
2008-09,"  184,365 ","  1,111,852 ","  236,770 ","  62,026 ","  92,453 ","  92,015 ","  60,712 ","  87,061 ","  114,077 ","  94,228 ","  25,629 ","  69,196 ","  57,507 ","  23,408 ","  20,547 ","  20,746 ","  5,027 ","  12,286 ","  1,304 "
2008-10,"  188,042 ","  1,113,154 ","  238,274 ","  62,373 ","  94,476 ","  92,418 ","  61,453 ","  86,745 ","  114,018 ","  94,807 ","  26,896 ","  69,815 ","  57,534 ","  23,546 ","  20,743 ","  20,826 ","  4,908 ","  12,211 ","  1,309 "
2008-11,"  189,673 ","  1,111,717 ","  239,458 ","  63,519 ","  95,395 ","  92,379 ","  61,938 ","  86,564 ","  114,614 ","  95,637 ","  27,309 ","  69,869 ","  57,415 ","  23,635 ","  20,715 ","  20,895 ","  5,340 ","  12,124 ","  1,321 "
2008-12,"  191,654 ","  1,104,428 ","  239,631 ","  64,028 ","  93,393 ","  91,594 ","  61,551 ","  86,423 ","  113,508 ","  96,057 ","  24,693 ","  69,980 ","  57,995 ","  23,416 ","  20,569 ","  20,967 ","  4,724 ","  12,147 ","  1,350 "
2009-01,"  190,590 ","  1,097,503 ","  238,392 ","  63,854 ","  90,869 ","  92,008 ","  60,108 ","  85,584 ","  111,480 ","  95,657 ","  27,963 ","  69,094 ","  58,124 ","  23,043 ","  20,321 ","  20,944 ","  4,555 ","  12,156 ","  1,306 "
2009-02,"  195,700 ","  1,093,450 ","  239,527 ","  63,875 ","  92,697 ","  93,275 ","  60,312 ","  85,578 ","  111,596 ","  95,930 ","  31,523 ","  69,448 ","  57,739 ","  22,977 ","  20,527 ","  20,918 ","  5,546 ","  12,759 ","  1,322 "
2009-03,"  199,790 ","  1,092,705 ","  239,602 ","  64,621 ","  94,144 ","  94,567 ","  62,878 ","  85,386 ","  111,840 ","  96,122 ","  30,120 ","  69,431 ","  58,202 ","  23,299 ","  20,617 ","  21,047 ","  5,754 ","  12,806 ","  1,343 "
2009-04,"  202,542 ","  1,088,810 ","  241,335 ","  65,614 ","  96,810 ","  95,948 ","  64,557 ","  86,416 ","  112,920 ","  96,351 ","  33,588 ","  68,812 ","  58,615 ","  23,705 ","  21,020 ","  21,089 ","  6,036 ","  12,933 ","  1,391 "
2009-05,"  204,815 ","  1,092,327 ","  243,806 ","  65,755 ","  99,606 ","  96,975 ","  65,873 ","  86,077 ","  113,385 ","  96,241 ","  34,295 ","  68,583 ","  58,832 ","  24,126 ","  21,426 ","  21,176 ","  5,612 ","  12,873 ","  1,363 "
2009-06,"  207,684 ","  1,093,691 ","  245,888 ","  66,285 ","  106,006 ","  99,810 ","  66,193 ","  86,233 ","  113,945 ","  96,152 ","  59,879 ","  68,147 ","  58,779 ","  24,435 ","  25,495 ","  21,282 ","  5,795 ","  12,939 ","  1,404 "
2009-07,"  210,499 ","  1,096,459 ","  247,469 ","  67,250 ","  108,995 ","  104,144 ","  65,714 ","  89,202 ","  114,036 ","  96,353 ","  68,351 ","  68,189 ","  59,067 ","  24,529 ","  27,119 ","  21,158 ","  6,069 ","  13,041 ","  1,442 "
2009-08,"  213,563 ","  1,096,834 ","  249,659 ","  67,952 ","  108,994 ","  104,482 ","  65,309 ","  89,497 ","  114,226 ","  96,519 ","  68,875 ","  68,200 ","  59,231 ","  24,535 ","  26,873 ","  21,219 ","  6,138 ","  13,023 ","  1,438 "
2009-09,"  217,245 ","  1,104,138 ","  249,939 ","  68,451 ","  109,419 ","  104,672 ","  69,620 ","  91,537 ","  114,674 ","  96,609 ","  66,392 ","  68,005 ","  59,623 ","  24,405 ","  26,190 ","  21,211 ","  6,177 ","  13,005 ","  1,344 "
2009-10,"  220,262 ","  1,113,792 ","  252,368 ","  69,358 ","  111,923 ","  105,135 ","  70,937 ","  91,298 ","  114,902 ","  97,118 ","  65,322 ","  68,120 ","  59,739 ","  24,371 ","  26,026 ","  21,216 ","  6,182 ","  12,814 ","  1,317 "
2009-11,"  222,977 ","  1,120,011 ","  253,732 ","  69,975 ","  113,665 ","  105,717 ","  71,291 ","  91,077 ","  115,295 ","  97,656 ","  64,634 ","  68,314 ","  59,825 ","  24,311 ","  26,766 ","  21,195 ","  6,381 ","  12,784 ","  1,336 "
2009-12,"  224,140 ","  1,127,830 ","  254,919 ","  70,286 ","  112,273 ","  100,237 ","  70,525 ","  90,785 ","  115,309 ","  98,256 ","  32,317 ","  68,703 ","  60,063 ","  23,969 ","  24,698 ","  21,342 ","  4,865 ","  12,810 ","  1,358 "
2010-01,"  226,259 ","  1,134,404 ","  256,385 ","  70,161 ","  107,335 ","  99,502 ","  66,475 ","  85,450 ","  115,291 ","  102,319 ","  27,236 ","  68,543 ","  59,201 ","  22,926 ","  21,196 ","  21,254 ","  4,675 ","  12,530 ","  1,321 "
2010-02,"  229,982 ","  1,141,392 ","  259,274 ","  71,424 ","  108,554 ","  100,447 ","  66,157 ","  83,817 ","  115,122 ","  102,492 ","  29,356 ","  68,739 ","  59,052 ","  23,084 ","  21,499 ","  21,270 ","  5,914 ","  12,528 ","  1,319 "
2010-03,"  233,004 ","  1,145,630 ","  260,108 ","  71,442 ","  107,504 ","  103,440 ","  69,838 ","  83,547 ","  115,339 ","  102,746 ","  35,849 ","  68,549 ","  59,391 ","  23,150 ","  20,811 ","  21,338 ","  6,224 ","  12,947 ","  1,285 "
2010-04,"  238,334 ","  1,156,512 ","  261,725 ","  71,978 ","  109,408 ","  106,112 ","  72,862 ","  84,119 ","  115,850 ","  103,186 ","  44,825 ","  68,614 ","  59,960 ","  23,743 ","  21,403 ","  21,443 ","  6,364 ","  12,933 ","  1,289 "
2010-05,"  241,486 ","  1,164,908 ","  263,615 ","  71,979 ","  113,617 ","  108,181 ","  74,324 ","  84,443 ","  116,236 ","  102,484 ","  45,413 ","  69,105 ","  60,458 ","  24,391 ","  21,649 ","  21,549 ","  5,529 ","  12,960 ","  1,283 "
2010-06,"  245,088 ","  1,172,419 ","  266,966 ","  72,039 ","  115,702 ","  107,764 ","  75,268 ","  85,398 ","  116,177 ","  102,902 ","  41,530 ","  68,530 ","  60,807 ","  24,649 ","  21,594 ","  21,623 ","  5,395 ","  13,001 ","  1,291 "
2010-07,"  248,690 ","  1,175,053 ","  269,703 ","  72,642 ","  118,080 ","  108,678 ","  73,219 ","  85,458 ","  115,246 ","  103,085 ","  42,183 ","  68,804 ","  60,736 ","  24,727 ","  21,882 ","  21,731 ","  5,524 ","  13,078 ","  1,370 "
2010-08,"  250,587 ","  1,181,044 ","  273,917 ","  73,250 ","  119,615 ","  108,702 ","  72,634 ","  85,586 ","  115,049 ","  102,695 ","  41,238 ","  68,815 ","  59,797 ","  24,498 ","  21,925 ","  21,757 ","  5,412 ","  12,877 ","  1,401 "
2010-09,"  255,221 ","  1,188,341 ","  274,241 ","  73,728 ","  117,587 ","  107,391 ","  72,693 ","  84,980 ","  114,770 ","  103,095 ","  36,194 ","  68,768 ","  59,569 ","  24,471 ","  21,260 ","  21,806 ","  5,216 ","  12,935 ","  1,291 "
2010-10,"  258,061 ","  1,193,659 ","  276,029 ","  74,941 ","  117,482 ","  107,535 ","  73,949 ","  85,058 ","  114,419 ","  103,716 ","  40,448 ","  68,205 ","  60,059 ","  24,468 ","  21,504 ","  21,938 ","  4,870 ","  12,861 ","  1,266 "
2010-11,"  261,085 ","  1,204,679 ","  279,465 ","  76,598 ","  118,493 ","  108,682 ","  74,587 ","  85,054 ","  113,947 ","  104,593 ","  41,688 ","  68,535 ","  60,302 ","  24,171 ","  21,710 ","  22,014 ","  5,151 ","  12,777 ","  1,260 "
2010-12,"  262,125 ","  1,212,892 ","  281,350 ","  77,770 ","  118,623 ","  111,315 ","  74,514 ","  85,040 ","  113,403 ","  105,593 ","  28,776 ","  66,416 ","  60,472 ","  24,129 ","  20,953 ","  22,065 ","  4,561 ","  12,795 ","  1,272 "
2011-01,"  262,657 ","  1,248,591 ","  283,172 ","  78,397 ","  118,705 ","  110,586 ","  69,517 ","  85,508 ","  112,461 ","  105,930 ","  28,145 ","  66,007 ","  59,925 ","  23,055 ","  20,554 ","  22,075 ","  4,388 ","  12,829 ","  1,296 "
2011-02,"  266,480 ","  1,249,048 ","  286,747 ","  79,251 ","  119,696 ","  110,949 ","  68,391 ","  85,965 ","  118,532 ","  104,835 ","  29,926 ","  66,038 ","  60,416 ","  23,268 ","  20,562 ","  22,060 ","  4,794 ","  12,904 ","  1,203 "
2011-03,"  271,116 ","  1,261,269 ","  290,055 ","  80,653 ","  121,253 ","  111,972 ","  73,501 ","  85,889 ","  119,356 ","  103,981 ","  32,512 ","  66,078 ","  61,269 ","  23,396 ","  21,300 ","  22,121 ","  5,302 ","  12,880 ","  1,193 "
2011-04,"  274,757 ","  1,266,475 ","  293,889 ","  83,136 ","  126,047 ","  114,262 ","  81,005 ","  86,341 ","  119,668 ","  104,758 ","  36,623 ","  66,886 ","  61,800 ","  24,153 ","  21,541 ","  22,187 ","  5,461 ","  12,982 ","  1,201 "
2011-05,"  276,865 ","  1,262,958 ","  297,325 ","  83,878 ","  128,878 ","  114,207 ","  84,728 ","  88,847 ","  120,127 ","  104,686 ","  37,189 ","  66,319 ","  62,075 ","  24,505 ","  22,006 ","  22,124 ","  5,143 ","  13,179 ","  1,217 "
2011-06,"  278,534 ","  1,266,916 ","  299,007 ","  84,715 ","  129,258 ","  113,474 ","  84,035 ","  89,274 ","  119,873 ","  104,528 ","  33,647 ","  65,616 ","  62,444 ","  24,920 ","  21,758 ","  22,202 ","  4,968 ","  13,214 ","  1,204 "
2011-07,"  279,910 ","  1,272,657 ","  301,932 ","  85,827 ","  129,835 ","  114,394 ","  78,043 ","  89,842 ","  119,857 ","  103,646 ","  33,098 ","  66,093 ","  62,850 ","  24,876 ","  21,586 ","  22,198 ","  5,086 ","  13,162 ","  1,253 "
2011-08,"  280,080 ","  1,278,578 ","  303,073 ","  86,812 ","  132,853 ","  114,767 ","  77,509 ","  89,796 ","  119,478 ","  103,604 ","  35,075 ","  66,029 ","  61,301 ","  25,126 ","  21,726 ","  22,200 ","  5,158 ","  13,178 ","  1,315 "
2011-09,"  282,894 ","  1,287,462 ","  305,064 ","  87,357 ","  134,870 ","  115,053 ","  79,872 ","  90,357 ","  119,666 ","  104,299 ","  33,093 ","  66,538 ","  61,512 ","  25,529 ","  21,835 ","  22,273 ","  5,176 ","  13,008 ","  1,217 "
2011-10,"  286,984 ","  1,286,630 ","  307,052 ","  88,181 ","  135,168 ","  115,352 ","  85,253 ","  90,421 ","  119,993 ","  103,931 ","  35,365 ","  66,646 ","  61,350 ","  25,476 ","  21,821 ","  22,263 ","  5,086 ","  12,882 ","  1,206 "
2011-11,"  289,890 ","  1,291,520 ","  309,736 ","  89,907 ","  136,386 ","  115,527 ","  86,722 ","  91,574 ","  120,100 ","  104,409 ","  35,921 ","  67,046 ","  61,605 ","  25,481 ","  21,796 ","  22,313 ","  5,226 ","  12,868 ","  1,205 "
2011-12,"  293,161 ","  1,297,413 ","  312,276 ","  91,469 ","  136,721 ","  114,910 ","  85,103 ","  92,514 ","  120,696 ","  105,137 ","  29,557 ","  66,717 ","  62,026 ","  25,154 ","  21,380 ","  22,377 ","  4,822 ","  12,870 ","  1,199 "
2012-01,"  292,451 ","  1,301,289 ","  313,671 ","  91,508 ","  131,307 ","  115,170 ","  75,917 ","  93,044 ","  119,924 ","  105,483 ","  30,618 ","  66,614 ","  61,786 ","  25,312 ","  21,095 ","  22,447 ","  4,696 ","  12,648 ","  1,212 "
2012-02,"  295,745 ","  1,305,840 ","  315,619 ","  92,309 ","  133,721 ","  115,981 ","  74,697 ","  94,047 ","  120,602 ","  105,497 ","  33,522 ","  66,906 ","  62,007 ","  25,376 ","  21,399 ","  22,438 ","  5,214 ","  12,794 ","  1,083 "
2012-03,"  301,399 ","  1,310,386 ","  317,364 ","  93,027 ","  135,348 ","  116,369 ","  83,187 ","  94,670 ","  121,360 ","  105,011 ","  35,263 ","  67,865 ","  62,513 ","  25,557 ","  21,333 ","  22,440 ","  5,409 ","  12,910 ","  1,076 "
2012-04,"  305,581 ","  1,291,547 ","  318,549 ","  94,414 ","  137,212 ","  118,006 ","  89,576 ","  95,119 ","  121,644 ","  105,006 ","  38,316 ","  68,130 ","  63,462 ","  25,962 ","  21,928 ","  22,361 ","  5,417 ","  12,971 ","  1,089 "
2012-05,"  308,646 ","  1,313,802 ","  317,342 ","  95,856 ","  139,209 ","  118,835 ","  92,141 ","  98,887 ","  122,136 ","  105,467 ","  38,042 ","  68,263 ","  63,602 ","  26,185 ","  22,318 ","  22,380 ","  5,322 ","  13,165 ","  1,101 "
2012-06,"  311,116 ","  1,317,623 ","  319,301 ","  97,277 ","  141,917 ","  119,756 ","  92,068 ","  99,937 ","  121,500 ","  105,855 ","  35,465 ","  68,470 ","  63,958 ","  26,870 ","  22,383 ","  22,447 ","  5,157 ","  13,305 ","  1,086 "
2012-07,"  312,402 ","  1,328,603 ","  321,519 ","  98,753 ","  141,853 ","  120,509 ","  87,245 ","  100,977 ","  121,163 ","  106,253 ","  37,589 ","  68,807 ","  64,075 ","  27,213 ","  22,191 ","  22,497 ","  5,226 ","  13,388 ","  1,076 "
2012-08,"  314,413 ","  1,335,541 ","  323,428 ","  101,532 ","  141,006 ","  121,109 ","  86,886 ","  101,569 ","  121,064 ","  106,125 ","  38,486 ","  69,110 ","  64,310 ","  27,900 ","  22,504 ","  22,718 ","  5,250 ","  13,349 ","  1,070 "
2012-09,"  318,025 ","  1,345,083 ","  324,850 ","  103,788 ","  141,458 ","  113,785 ","  92,823 ","  101,824 ","  120,753 ","  106,272 ","  33,498 ","  76,711 ","  64,618 ","  28,004 ","  22,442 ","  22,877 ","  5,257 ","  13,433 ","  1,069 "
2012-10,"  320,297 ","  1,354,272 ","  325,626 ","  104,143 ","  142,978 ","  115,277 ","  96,278 ","  102,126 ","  120,138 ","  106,905 ","  35,640 ","  76,886 ","  63,871 ","  28,033 ","  22,401 ","  22,872 ","  5,269 ","  13,407 ","  1,065 "
2012-11,"  322,092 ","  1,361,380 ","  327,063 ","  106,540 ","  146,211 ","  115,310 ","  97,231 ","  101,939 ","  119,967 ","  108,088 ","  35,947 ","  78,497 ","  63,124 ","  28,011 ","  22,682 ","  22,931 ","  5,527 ","  13,509 ","  1,067 "
2012-12,"  323,106 ","  1,366,970 ","  328,035 ","  107,461 ","  149,785 ","  116,537 ","  93,603 ","  101,443 ","  119,745 ","  108,289 ","  29,763 ","  78,476 ","  63,398 ","  27,717 ","  22,480 ","  23,002 ","  5,234 ","  13,512 ","  1,041 "
2013-01,"  322,814 ","  1,372,997 ","  337,203 ","  108,007 ","  149,849 ","  116,343 ","  84,423 ","  103,420 ","  118,582 ","  107,963 ","  31,378 ","  77,113 ","  63,204 ","  26,742 ","  22,516 ","  22,987 ","  5,144 ","  13,480 ",  986 
2013-02,"  328,219 ","  1,379,329 ","  340,611 ","  108,751 ","  152,680 ","  117,103 ","  83,807 ","  103,949 ","  118,309 ","  108,625 ","  34,321 ","  77,262 ","  63,438 ","  26,840 ","  22,760 ","  23,033 ","  5,533 ","  13,342 ",  985 
2013-03,"  331,441 ","  1,381,955 ","  341,982 ","  111,725 ","  152,814 ","  118,276 ","  89,500 ","  103,991 ","  118,565 ","  109,119 ","  36,484 ","  77,611 ","  63,671 ","  27,347 ","  23,048 ","  23,072 ","  5,807 ","  13,464 ",  991 
2013-04,"  337,479 ","  1,386,378 ","  343,419 ","  115,018 ","  154,147 ","  118,416 ","  95,246 ","  104,710 ","  118,646 ","  109,483 ","  34,519 ","  77,632 ","  64,546 ","  28,312 ","  22,871 ","  22,931 ","  5,940 ","  13,492 ",  993 
2013-05,"  341,838 ","  1,391,864 ","  345,400 ","  117,943 ","  156,195 ","  119,514 ","  96,492 ","  105,465 ","  119,094 ","  109,458 ","  36,634 ","  78,010 ","  64,780 ","  28,774 ","  23,013 ","  22,879 ","  5,802 ","  13,550 ","  1,005 "
2013-06,"  347,016 ","  1,396,760 ","  348,759 ","  120,046 ","  158,040 ","  120,114 ","  95,091 ","  106,366 ","  118,895 ","  109,925 ","  36,429 ","  78,481 ","  65,392 ","  28,931 ","  22,942 ","  22,911 ","  5,572 ","  14,134 ",  991 
2013-07,"  350,298 ","  1,400,840 ","  350,605 ","  121,055 ","  157,982 ","  120,628 ","  88,173 ","  107,018 ","  118,937 ","  109,907 ","  37,355 ","  78,384 ","  65,605 ","  29,194 ","  23,212 ","  22,834 ","  5,665 ","  14,303 ",  964 
2013-08,"  353,870 ","  1,405,351 ","  354,042 ","  124,257 ","  158,001 ","  121,274 ","  87,734 ","  108,398 ","  118,650 ","  109,157 ","  33,728 ","  78,657 ","  65,844 ","  29,245 ","  22,905 ","  22,829 ","  5,679 ","  14,380 ",  958 
2013-09,"  358,377 ","  1,411,875 ","  355,984 ","  126,031 ","  158,685 ","  121,164 ","  89,876 ","  108,331 ","  119,135 ","  109,374 ","  36,065 ","  78,801 ","  65,968 ","  29,300 ","  23,035 ","  22,821 ","  5,723 ","  14,401 ","  1,089 "
2013-10,"  365,348 ","  1,414,829 ","  357,006 ","  127,361 ","  159,754 ","  121,095 ","  95,129 ","  110,441 ","  118,582 ","  109,394 ","  35,924 ","  78,631 ","  65,781 ","  29,317 ","  23,108 ","  22,738 ","  5,671 ","  14,137 ","  1,106 "
2013-11,"  369,377 ","  1,422,175 ","  360,542 ","  131,065 ","  163,305 ","  121,755 ","  95,328 ","  110,655 ","  118,911 ","  111,694 ","  35,047 ","  78,910 ","  65,092 ","  29,226 ","  23,009 ","  22,754 ","  5,810 ","  14,037 ","  1,020 "
2013-12,"  369,783 ","  1,425,349 ","  361,996 ","  132,937 ","  163,829 ","  120,945 ","  92,737 ","  112,490 ","  118,511 ","  111,848 ","  29,753 ","  78,705 ","  65,479 ","  26,264 ","  22,745 ","  22,708 ","  5,220 ","  14,212 ","  1,018 "
2014-01,"  369,645 ","  1,429,070 ","  364,750 ","  134,427 ","  167,654 ","  123,811 ","  83,753 ","  112,894 ","  117,927 ","  111,651 ","  30,583 ","  79,229 ","  64,178 ","  25,989 ","  22,995 ","  22,769 ","  5,544 ","  14,170 ",  897 
2014-02,"  375,282 ","  1,433,185 ","  367,096 ","  134,555 ","  169,828 ","  124,751 ","  82,919 ","  113,493 ","  118,285 ","  111,567 ","  32,156 ","  79,573 ","  64,695 ","  25,433 ","  23,153 ","  22,723 ","  6,063 ","  14,972 ",  895 
2014-03,"  378,725 ","  1,435,239 ","  368,699 ","  136,083 ","  173,849 ","  125,334 ","  87,911 ","  114,062 ","  117,437 ","  110,846 ","  34,412 ","  79,767 ","  65,199 ","  25,905 ","  23,472 ","  22,848 ","  6,286 ","  15,245 ",  878 
2014-04,"  383,128 ","  1,438,728 ","  371,062 ","  138,767 ","  175,819 ","  125,731 ","  95,031 ","  108,167 ","  118,031 ","  111,496 ","  33,009 ","  80,655 ","  65,400 ","  26,784 ","  23,431 ","  22,886 ","  6,516 ","  15,374 ",  717 
2014-05,"  386,783 ","  1,439,096 ","  374,855 ","  140,940 ","  180,948 ","  125,582 ","  95,909 ","  104,862 ","  118,324 ","  110,107 ","  35,273 ","  81,503 ","  65,553 ","  26,890 ","  23,810 ","  22,843 ","  6,229 ","  15,545 ",  701 
2014-06,"  390,212 ","  1,436,178 ","  376,407 ","  142,438 ","  186,492 ","  126,737 ","  94,645 ","  104,103 ","  118,674 ","  109,204 ","  34,307 ","  81,035 ","  64,364 ","  27,387 ","  23,999 ","  22,751 ","  6,264 ","  15,267 ",  697 
2014-07,"  393,889 ","  1,436,687 ","  378,775 ","  144,382 ","  185,818 ","  128,454 ","  89,117 ","  104,798 ","  118,542 ","  109,173 ","  35,164 ","  81,473 ","  64,300 ","  27,579 ","  24,174 ","  22,757 ","  6,225 ","  15,274 ",  704 
2014-08,"  396,158 ","  1,439,258 ","  381,461 ","  147,623 ","  187,522 ","  127,537 ","  88,638 ","  104,764 ","  119,516 ","  109,321 ","  31,602 ","  81,901 ","  64,730 ","  27,762 ","  24,268 ","  22,811 ","  6,279 ","  15,327 ",  707 
2014-09,"  399,334 ","  1,440,956 ","  383,960 ","  149,668 ","  187,293 ","  127,431 ","  91,696 ","  104,774 ","  119,131 ","  109,317 ","  33,004 ","  81,988 ","  64,843 ","  27,265 ","  24,235 ","  22,792 ","  6,245 ","  15,118 ",  701 
2014-10,"  403,623 ","  1,439,558 ","  385,363 ","  152,506 ","  188,663 ","  128,122 ","  96,599 ","  105,164 ","  119,116 ","  109,353 ","  32,248 ","  82,001 ","  65,088 ","  27,264 ","  24,250 ","  22,844 ","  6,208 ","  15,252 ",  705 
2014-11,"  406,214 ","  1,441,906 ","  388,975 ","  156,196 ","  190,396 ","  128,776 ","  97,430 ","  104,382 ","  119,365 ","  110,322 ","  32,138 ","  82,359 ","  65,658 ","  27,133 ","  24,221 ","  22,755 ","  6,593 ","  11,977 ",  710 
2014-12,"  406,960 ","  1,445,592 ","  392,126 ","  158,416 ","  189,814 ","  129,016 ","  94,741 ","  104,631 ","  114,194 ","  111,709 ","  25,369 ","  82,515 ","  65,619 ","  26,330 ","  23,920 ","  22,774 ","  6,125 ","  12,203 ",  689 
2015-01,"  405,361 ","  1,445,876 ","  394,886 ","  158,096 ","  183,644 ","  128,982 ","  87,402 ","  105,076 ","  113,005 ","  111,328 ","  26,297 ","  81,720 ","  65,182 ","  25,796 ","  23,682 ","  22,785 ","  5,859 ","  12,305 ",  688 
2015-02,"  410,884 ","  1,451,538 ","  400,157 ","  159,498 ","  188,435 ","  130,086 ","  87,020 ","  105,616 ","  114,122 ","  111,501 ","  28,335 ","  82,643 ","  65,423 ","  26,169 ","  24,140 ","  22,859 ","  6,470 ","  12,259 ",  687 
2015-03,"  411,654 ","  1,451,415 ","  399,822 ","  159,495 ","  189,204 ","  130,489 ","  89,605 ","  105,813 ","  114,323 ","  104,580 ","  31,711 ","  83,203 ","  65,901 ","  26,238 ","  24,377 ","  22,779 ","  6,354 ","  12,176 ",  683 
2015-04,"  418,932 ","  1,452,901 ","  405,293 ","  163,160 ","  193,759 ","  131,167 ","  96,199 ","  108,912 ","  115,013 ","  105,138 ","  29,459 ","  83,593 ","  66,707 ","  27,257 ","  24,587 ","  22,822 ","  6,560 ","  12,115 ",  692 
2015-05,"  423,235 ","  1,455,163 ","  408,949 ","  166,728 ","  195,765 ","  132,581 ","  97,268 ","  109,129 ","  115,666 ","  105,635 ","  32,105 ","  77,489 ","  66,982 ","  27,886 ","  24,915 ","  22,890 ","  6,320 ","  12,203 ",  696 
2015-06,"  426,079 ","  1,454,664 ","  411,048 ","  170,850 ","  195,186 ","  132,791 ","  95,059 ","  108,962 ","  115,971 ","  106,640 ","  32,637 ","  77,605 ","  67,049 ","  28,098 ","  24,941 ","  22,991 ","  6,268 ","  12,486 ",  615 
2015-07,"  428,558 ","  1,450,689 ","  414,531 ","  175,111 ","  196,575 ","  134,117 ","  90,659 ","  109,923 ","  116,210 ","  106,860 ","  33,738 ","  78,186 ","  67,241 ","  28,256 ","  25,121 ","  23,089 ","  6,297 ","  12,574 ",  616 
2015-08,"  432,649 ","  1,450,581 ","  417,911 ","  180,608 ","  196,204 ","  130,618 ","  90,806 ","  111,303 ","  116,824 ","  107,116 ","  30,535 ","  78,704 ","  67,534 ","  29,008 ","  25,068 ","  23,102 ","  6,272 ","  12,587 ",  619 
2015-09,"  439,882 ","  1,455,941 ","  423,269 ","  186,295 ","  196,447 ","  130,954 ","  93,558 ","  111,510 ","  117,389 ","  107,996 ","  32,442 ","  78,957 ","  67,559 ","  28,698 ","  25,327 ","  23,100 ","  6,322 ","  12,725 ",  618 
2015-10,"  443,654 ","  1,459,878 ","  424,895 ","  190,126 ","  198,040 ","  133,378 ","  98,787 ","  112,409 ","  117,792 ","  108,398 ","  33,643 ","  78,964 ","  67,993 ","  28,690 ","  25,434 ","  23,204 ","  6,387 ","  12,710 ",  617 
2015-11,"  447,651 ","  1,462,776 ","  429,103 ","  196,461 ","  198,918 ","  134,055 ","  99,016 ","  112,999 ","  118,774 ","  108,960 ","  32,599 ","  79,446 ","  68,610 ","  28,527 ","  25,294 ","  23,119 ","  7,015 ","  12,687 ",  625 
2015-12,"  448,343 ","  1,466,046 ","  431,919 ","  199,385 ","  199,402 ","  134,199 ","  96,117 ","  113,517 ","  119,310 ","  109,552 ","  25,859 ","  79,981 ","  68,366 ","  28,049 ","  24,981 ","  23,226 ","  6,457 ","  12,639 ",  620 
2016-01,"  444,073 ","  1,472,216 ","  434,426 ","  199,737 ","  195,481 ","  134,280 ","  89,951 ","  113,672 ","  118,952 ","  110,018 ","  27,248 ","  80,720 ","  67,286 ","  27,665 ","  24,710 ","  23,212 ","  6,279 ","  12,652 ",  625 
2016-02,"  447,387 ","  1,472,966 ","  436,690 ","  206,786 ","  198,445 ","  134,132 ","  89,464 ","  114,173 ","  119,564 ","  110,264 ","  29,153 ","  80,999 ","  67,552 ","  28,061 ","  25,012 ","  23,169 ","  6,829 ","  12,670 ",  707 
2016-03,"  439,569 ","  1,469,601 ","  439,007 ","  208,875 ","  198,580 ","  135,195 ","  92,145 ","  114,914 ","  120,610 ","  110,223 ","  32,339 ","  81,074 ","  67,951 ","  28,392 ","  25,409 ","  23,248 ","  7,169 ","  12,870 ",  712 
2016-04,"  443,088 ","  1,470,668 ","  443,239 ","  211,969 ","  200,759 ","  135,981 ","  98,496 ","  115,537 ","  138,799 ","  110,654 ","  30,507 ","  81,856 ","  68,063 ","  29,325 ","  25,351 ","  23,270 ","  7,317 ","  12,775 ",  723 
2016-05,"  447,313 ","  1,471,955 ","  446,767 ","  215,831 ","  202,941 ","  136,945 ","  99,902 ","  116,100 ","  139,279 ","  111,098 ","  32,113 ","  82,511 ","  68,194 ","  29,769 ","  25,398 ","  23,486 ","  7,016 ","  12,855 ",  721 
2016-06,"  451,106 ","  1,471,277 ","  449,525 ","  219,717 ","  203,699 ","  138,376 ","  99,561 ","  116,601 ","  139,982 ","  111,019 ","  33,054 ","  82,738 ","  68,376 ","  31,394 ","  25,657 ","  23,585 ","  7,079 ","  13,091 ",  721 
2016-07,"  453,924 ","  1,474,373 ","  453,296 ","  223,763 ","  204,956 ","  139,342 ","  94,049 ","  118,111 ","  140,457 ","  111,368 ","  34,250 ","  82,168 ","  68,339 ","  31,910 ","  25,741 ","  23,636 ","  7,147 ","  13,273 ",  721 
2016-08,"  455,902 ","  1,478,718 ","  456,116 ","  226,541 ","  205,333 ","  139,754 ","  93,792 ","  119,648 ","  140,620 ","  111,057 ","  30,653 ","  77,813 ","  68,422 ","  31,884 ","  25,581 ","  23,705 ","  7,168 ","  13,161 ",  710 
2016-09,"  459,259 ","  1,483,635 ","  458,402 ","  227,907 ","  207,143 ","  139,900 ","  96,606 ","  119,969 ","  141,502 ","  111,199 ","  32,151 ","  78,383 ","  68,602 ","  31,229 ","  25,573 ","  23,731 ","  7,219 ","  13,278 ",  715 
2016-10,"  463,090 ","  1,485,756 ","  459,912 ","  230,326 ","  208,256 ","  140,253 ","  101,534 ","  120,384 ","  142,205 ","  111,386 ","  32,341 ","  78,724 ","  68,708 ","  34,073 ","  25,764 ","  23,741 ","  7,101 ","  13,362 ",  723 
2016-11,"  466,011 ","  1,489,460 ","  462,842 ","  232,857 ","  209,490 ","  140,877 ","  101,717 ","  120,633 ","  142,270 ","  111,993 ","  31,499 ","  78,876 ","  69,180 ","  33,817 ","  25,904 ","  23,771 ","  7,501 ","  13,392 ",  715 
2016-12,"  467,727 ","  1,492,169 ","  464,763 ","  233,764 ","  209,422 ","  141,587 ","  98,829 ","  120,729 ","  141,778 ","  112,403 ","  25,923 ","  79,553 ","  69,451 ","  33,400 ","  25,532 ","  23,976 ","  7,027 ","  13,295 ",  718 
2017-01,"  466,393 ","  1,495,337 ","  467,363 ","  233,573 ","  206,134 ","  142,939 ","  93,126 ","  120,423 ","  141,817 ","  112,677 ","  27,303 ","  77,337 ","  69,347 ","  32,925 ","  25,467 ","  23,907 ","  6,887 ","  13,381 ",  712 
2017-02,"  471,477 ","  1,500,129 ","  469,141 ","  234,271 ","  210,645 ","  144,217 ","  92,605 ","  121,693 ","  142,558 ","  112,690 ","  30,369 ","  78,799 ","  69,921 ","  33,044 ","  25,989 ","  23,913 ","  7,002 ","  13,524 ",  718 
2017-03,"  470,299 ","  1,504,820 ","  469,445 ","  234,695 ","  212,068 ","  146,418 ","  95,202 ","  121,867 ","  143,364 ","  112,879 ","  33,697 ","  78,282 ","  70,205 ","  32,805 ","  26,366 ","  24,084 ","  7,184 ","  13,467 ",  720 
2017-04,"  476,402 ","  1,508,359 ","  471,706 ","  237,661 ","  213,541 ","  147,441 ","  101,624 ","  121,512 ","  144,685 ","  113,111 ","  33,651 ","  78,895 ","  70,498 ","  33,350 ","  26,640 ","  24,130 ","  7,319 ","  13,495 ",  734 
2017-05,"  479,933 ","  1,507,416 ","  471,671 ","  238,702 ","  216,000 ","  147,984 ","  102,529 ","  121,682 ","  144,777 ","  113,755 ","  34,252 ","  79,244 ","  70,494 ","  33,774 ","  26,890 ","  24,289 ","  7,367 ","  13,523 ",  767 
2017-06,"  484,044 ","  1,509,048 ","  473,767 ","  240,488 ","  215,799 ","  148,647 ","  101,081 ","  121,807 ","  145,650 ","  113,989 ","  33,983 ","  79,849 ","  70,449 ","  34,068 ","  27,080 ","  24,325 ","  7,375 ","  13,831 ",  764 
2017-07,"  487,640 ","  1,514,289 ","  476,581 ","  242,890 ","  215,351 ","  150,259 ","  96,957 ","  122,835 ","  146,544 ","  113,865 ","  35,329 ","  80,682 ","  70,849 ","  34,650 ","  27,427 ","  24,463 ","  7,415 ","  13,892 ",  764 
2017-08,"  490,016 ","  1,513,728 ","  478,025 ","  246,096 ","  214,880 ","  150,366 ","  96,272 ","  124,027 ","  147,136 ","  113,740 ","  33,205 ","  81,176 ","  71,149 ","  35,012 ","  27,253 ","  24,521 ","  7,418 ","  13,640 ",  767 
2017-09,"  497,050 ","  1,519,753 ","  478,133 ","  245,646 ","  215,512 ","  150,564 ","  100,489 ","  124,910 ","  145,596 ","  113,956 ","  34,591 ","  81,034 ","  71,035 ","  34,751 ","  27,197 ","  24,522 ","  7,457 ","  13,670 ",  772 
2017-10,"  499,776 ","  1,522,155 ","  479,001 ","  247,673 ","  215,865 ","  151,034 ","  103,207 ","  124,277 ","  145,880 ","  113,917 ","  35,531 ","  81,130 ","  71,040 ","  35,348 ","  27,223 ","  24,475 ","  7,459 ","  13,602 ",  793 
2017-11,"  505,293 ","  1,527,633 ","  482,438 ","  251,096 ","  215,023 ","  151,498 ","  103,523 ","  124,946 ","  146,893 ","  114,002 ","  35,132 ","  81,329 ","  71,329 ","  35,291 ","  27,162 ","  24,542 ","  7,577 ","  13,629 ",  799 
2017-12,"  506,897 ","  1,534,176 ","  484,454 ","  254,152 ","  213,772 ","  152,226 ","  101,301 ","  125,213 ","  147,188 ","  114,674 ","  28,630 ","  81,665 ","  71,759 ","  35,056 ","  26,721 ","  24,703 ","  7,385 ","  13,601 ",  823 
2018-01,"  503,148 ","  1,535,724 ","  485,152 ","  255,516 ","  204,466 ","  151,429 ","  95,673 ","  126,210 ","  146,300 ","  114,377 ","  29,441 ","  80,727 ","  71,592 ","  37,202 ","  27,177 ","  24,810 ","  7,139 ","  13,741 ",  826 
2018-02,"  507,909 ","  1,540,625 ","  491,817 ","  264,321 ","  207,567 ","  151,602 ","  96,148 ","  127,518 ","  147,743 ","  116,846 ","  32,946 ","  81,953 ","  72,734 ","  37,826 ","  27,559 ","  24,906 ","  7,322 ","  13,868 ",  837 
2018-03,"  510,321 ","  1,537,453 ","  492,288 ","  266,378 ","  212,427 ","  153,717 ","  100,474 ","  128,814 ","  135,130 ","  116,632 ","  36,724 ","  82,228 ","  72,851 ","  44,150 ","  27,809 ","  25,010 ","  7,541 ","  13,798 ",  824 
2018-04,"  516,664 ","  1,535,766 ","  495,755 ","  272,460 ","  213,396 ","  151,583 ","  108,440 ","  129,389 ","  135,328 ","  117,144 ","  37,285 ","  82,939 ","  68,564 ","  45,946 ","  31,786 ","  25,122 ","  7,703 ","  13,633 ",  794 
2018-05,"  520,720 ","  1,534,924 ","  497,346 ","  276,578 ","  215,299 ","  152,754 ","  109,458 ","  130,239 ","  136,008 ","  117,920 ","  38,318 ","  83,813 ","  68,756 ","  46,962 ","  32,042 ","  25,166 ","  7,738 ","  13,698 ",  789 
2018-06,"  525,654 ","  1,534,645 ","  500,526 ","  280,845 ","  216,005 ","  153,290 ","  108,284 ","  130,998 ","  136,963 ","  118,412 ","  37,979 ","  84,278 ","  68,847 ","  47,926 ","  32,408 ","  25,386 ","  7,827 ","  14,048 ",  795 
2018-07,"  530,311 ","  1,537,008 ","  502,911 ","  285,068 ","  226,727 ","  155,317 ","  104,158 ","  131,580 ","  137,925 ","  118,788 ","  39,441 ","  84,371 ","  69,121 ","  38,741 ","  32,754 ","  25,556 ","  7,884 ","  14,294 ",  785 
2018-08,"  533,958 ","  1,535,376 ","  505,616 ","  287,313 ","  227,187 ","  156,043 ","  103,463 ","  131,975 ","  138,529 ","  118,874 ","  36,719 ","  85,021 ","  69,309 ","  38,995 ","  32,547 ","  25,554 ","  7,943 ","  14,155 ",  772 
2018-09,"  545,910 ","  1,536,452 ","  508,751 ","  290,057 ","  223,605 ","  156,083 ","  111,181 ","  131,667 ","  139,291 ","  119,562 ","  38,229 ","  85,402 ","  69,751 ","  38,792 ","  32,500 ","  25,670 ","  7,929 ","  14,149 ",  758 
2018-10,"  556,889 ","  1,536,379 ","  509,565 ","  291,162 ","  223,431 ","  156,679 ","  116,364 ","  131,955 ","  139,906 ","  120,478 ","  38,245 ","  85,995 ","  69,992 ","  38,954 ","  32,596 ","  25,712 ","  7,891 ","  14,021 ",  762 
2018-11,"  564,392 ","  1,539,124 ","  514,004 ","  296,674 ","  224,260 ","  157,561 ","  116,689 ","  132,739 ","  140,650 ","  121,146 ","  37,851 ","  86,054 ","  70,469 ","  39,104 ","  32,509 ","  25,800 ","  7,902 ","  14,078 ",  784 
2018-12,"  569,451 ","  1,540,585 ","  517,112 ","  299,945 ","  224,556 ","  160,249 ","  114,667 ","  132,887 ","  141,130 ","  121,971 ","  32,070 ","  87,510 ","  70,768 ","  38,600 ","  32,397 ","  25,843 ","  7,795 ","  14,246 ",  777 
2019-01,"  568,223 ","  1,543,581 ","  518,162 ","  302,323 ","  218,277 ","  160,218 ","  108,497 ","  133,171 ","  140,793 ","  123,062 ","  34,151 ","  85,504 ","  82,207 ","  38,275 ","  32,382 ","  25,798 ","  7,672 ","  14,425 ",  779 
2019-02,"  579,487 ","  1,545,126 ","  522,933 ","  308,946 ","  224,253 ","  160,847 ","  108,875 ","  133,922 ","  141,452 ","  123,833 ","  36,867 ","  86,670 ","  82,835 ","  38,606 ","  32,964 ","  25,963 ","  7,726 ","  14,189 ",  788 
2019-03,"  585,410 ","  1,543,391 ","  523,381 ","  311,230 ","  224,132 ","  160,511 ","  114,949 ","  133,649 ","  142,226 ","  123,811 ","  42,148 ","  87,493 ","  83,475 ","  39,125 ","  33,317 ","  26,114 ","  7,808 ","  14,365 ",  780 
2019-04,"  595,481 ","  1,543,263 ","  526,933 ","  317,447 ","  224,486 ","  161,593 ","  121,269 ","  134,025 ","  142,454 ","  124,805 ","  40,973 ","  87,711 ","  83,638 ","  39,981 ","  33,485 ","  26,231 ","  7,972 ","  14,303 ",  798 
2019-05,"  603,652 ","  1,541,544 ","  530,617 ","  321,359 ","  227,957 ","  162,427 ","  122,844 ","  134,659 ","  143,320 ","  125,346 ","  43,447 ","  87,913 ","  82,189 ","  40,529 ","  33,794 ","  26,293 ","  8,160 ","  14,335 ",  780 
2019-06,"  611,786 ","  1,539,462 ","  532,198 ","  324,463 ","  229,998 ","  163,438 ","  122,212 ","  134,463 ","  143,860 ","  126,041 ","  43,517 ","  87,526 ","  82,270 ","  40,853 ","  33,984 ","  26,357 ","  8,228 ","  14,373 ",  768 
2019-07,"  618,536 ","  1,539,802 ","  533,604 ","  328,901 ","  231,504 ","  164,890 ","  118,664 ","  135,131 ","  144,754 ","  130,627 ","  44,798 ","  88,260 ","  83,030 ","  41,260 ","  34,305 ","  26,550 ","  8,335 ","  14,579 ",  784 
2019-08,"  623,147 ","  1,536,171 ","  534,394 ","  330,911 ","  234,312 ","  165,443 ","  118,600 ","  135,686 ","  145,586 ","  130,818 ","  42,085 ","  86,638 ","  83,848 ","  41,716 ","  34,194 ","  26,534 ","  8,303 ","  14,768 ",  778 
2019-09,"  630,372 ","  1,535,211 ","  535,312 ","  331,945 ","  233,460 ","  166,053 ","  121,504 ","  135,213 ","  146,027 ","  131,082 ","  44,627 ","  87,412 ","  82,495 ","  41,272 ","  34,451 ","  26,735 ","  8,378 ","  14,534 ",  762 
2019-10,"  637,842 ","  1,533,893 ","  537,598 ","  335,951 ","  234,525 ","  166,297 ","  125,501 ","  135,685 ","  145,747 ","  132,071 ","  46,140 ","  87,523 ","  82,437 ","  41,335 ","  34,476 ","  26,799 ","  8,483 ","  14,613 ",  739 
2019-11,"  644,322 ","  1,535,731 ","  540,654 ","  338,825 ","  235,049 ","  167,132 ","  125,782 ","  136,164 ","  145,819 ","  132,374 ","  44,798 ","  87,880 ","  82,285 ","  41,275 ","  34,498 ","  26,812 ","  8,513 ","  14,617 ",  711 
2019-12,"  644,497 ","  1,534,957 ","  543,394 ","  341,638 ","  237,452 ","  167,425 ","  124,983 ","  135,853 ","  145,324 ","  133,003 ","  36,137 ","  87,511 ","  82,335 ","  40,798 ","  34,228 ","  26,825 ","  8,366 ","  14,548 ",  686 
2020-01,"  639,518 ","  1,530,479 ","  543,284 ","  339,671 ","  230,643 ","  168,416 ","  122,050 ","  136,995 ","  144,399 ","  133,091 ","  36,099 ","  86,168 ","  81,906 ","  40,403 ","  33,568 ","  26,716 ","  8,164 ","  14,721 ",  697 
2020-02,"  646,606 ","  1,533,532 ","  546,654 ","  340,756 ","  235,262 ","  169,987 ","  121,512 ","  137,809 ","  145,793 ","  133,750 ","  40,493 ","  87,163 ","  82,402 ","  40,368 ","  33,937 ","  26,786 ","  8,290 ","  14,539 ",  617 
2020-03,"  644,890 ","  1,531,504 ","  545,827 ","  331,463 ","  236,754 ","  171,049 ","  120,838 ","  137,333 ","  146,577 ","  132,288 ","  44,627 ","  87,450 ","  81,852 ","  39,962 ","  34,468 ","  27,078 ","  8,508 ","  15,084 ",  610 
2020-04,"  647,840 ","  1,533,766 ","  546,434 ","  329,153 ","  239,259 ","  171,459 ","  123,141 ","  137,665 ","  147,686 ","  130,226 ","  45,901 ","  87,335 ","  82,205 ","  39,839 ","  35,016 ","  27,332 ","  8,645 ","  14,930 ",  597 
2020-05,"  656,301 ","  1,532,576 ","  547,144 ","  331,611 ","  243,182 ","  172,711 ","  124,515 ","  137,589 ","  148,235 ","  130,017 ","  51,657 ","  87,532 ","  81,610 ","  39,971 ","  35,488 ","  27,458 ","  8,713 ","  14,949 ",  597 
2020-06,"  668,599 ","  1,530,828 ","  551,289 ","  338,101 ","  247,460 ","  173,687 ","  126,086 ","  138,570 ","  148,824 ","  129,866 ","  51,933 ","  87,455 ","  81,763 ","  40,024 ","  35,646 ","  27,421 ","  8,801 ","  15,068 ",  591 
2020-07,"  676,682 ","  1,530,806 ","  554,055 ","  342,616 ","  247,725 ","  174,888 ","  126,875 ","  139,941 ","  148,254 ","  129,618 ","  53,199 ","  87,912 ","  82,921 ","  39,866 ","  35,485 ","  27,466 ","  8,814 ","  15,283 ",  584 
2020-08,"  682,037 ","  1,528,300 ","  554,917 ","  344,739 ","  249,570 ","  175,682 ","  125,649 ","  141,093 ","  148,004 ","  129,161 ","  69,948 ","  88,438 ","  82,726 ","  39,858 ","  36,896 ","  27,595 ","  8,854 ","  15,344 ",  569 
2020-09,"  685,731 ","  1,531,268 ","  556,575 ","  339,120 ","  250,195 ","  177,452 ","  126,173 ","  142,106 ","  148,514 ","  128,716 ","  88,529 ","  89,049 ","  82,253 ","  39,568 ","  37,598 ","  27,763 ","  8,858 ","  15,412 ",  558 
2020-10,"  692,436 ","  1,535,912 ","  558,855 ","  337,855 ","  251,931 ","  178,706 ","  128,603 ","  143,124 ","  149,915 ","  128,777 ","  99,424 ","  89,015 ","  82,025 ","  39,389 ","  38,065 ","  27,827 ","  8,908 ","  15,236 ",  566 
2020-11,"  699,827 ","  1,540,249 ","  562,426 ","  340,226 ","  252,460 ","  179,843 ","  130,768 ","  144,186 ","  151,622 ","  128,807 ","  100,578 ","  89,133 ","  82,092 ","  39,304 ","  38,343 ","  27,889 ","  8,979 ","  15,340 ",  563 
2020-12,"  696,509 ","  1,546,493 ","  566,874 ","  337,347 ","  247,986 ","  180,756 ","  129,931 ","  146,259 ","  150,840 ","  129,332 ","  48,766 ","  89,391 ","  81,776 ","  38,392 ","  35,564 ","  27,900 ","  8,958 ","  15,334 ",  549 
2021-01,"  684,257 ","  1,557,481 ","  566,842 ","  325,285 ","  238,027 ","  181,127 ","  125,570 ","  146,853 ","  150,749 ","  128,805 ","  38,692 ","  88,404 ","  80,886 ","  37,044 ","  35,307 ","  27,806 ","  8,729 ","  15,197 ",  563 
2021-02,"  700,347 ","  1,568,134 ","  571,634 ","  322,977 ","  245,836 ","  183,562 ","  124,524 ","  148,203 ","  152,049 ","  129,389 ","  44,027 ","  89,436 ","  81,008 ","  37,253 ","  36,222 ","  27,991 ","  9,093 ","  15,391 ",  570 
2021-03,"  708,058 ","  1,570,976 ","  575,161 ","  323,791 ","  249,045 ","  184,829 ","  131,501 ","  148,540 ","  152,812 ","  129,153 ","  51,002 ","  89,954 ","  81,218 ","  37,815 ","  36,952 ","  28,270 ","  9,218 ","  15,593 ",  576 
2021-04,"  717,887 ","  1,571,149 ","  580,229 ","  327,701 ","  258,056 ","  186,721 ","  137,184 ","  147,843 ","  154,340 ","  129,081 ","  54,277 ","  90,553 ","  82,444 ","  38,671 ","  37,222 ","  28,462 ","  9,348 ","  15,586 ",  581 
2021-05,"  725,060 ","  1,572,957 ","  581,743 ","  330,815 ","  260,243 ","  187,610 ","  139,289 ","  148,708 ","  154,762 ","  128,691 ","  55,813 ","  90,611 ","  82,457 ","  39,237 ","  37,388 ","  28,447 ","  9,303 ","  15,621 ",  584 
2021-06,"  732,120 ","  1,574,153 ","  585,932 ","  333,957 ","  261,093 ","  188,869 ","  141,474 ","  149,837 ","  156,004 ","  128,735 ","  61,326 ","  91,230 ","  83,747 ","  39,902 ","  38,191 ","  28,458 ","  9,366 ","  15,432 ",  583 
2021-07,"  740,883 ","  1,576,695 ","  587,511 ","  334,502 ","  261,924 ","  190,773 ","  138,997 ","  151,446 ","  156,377 ","  128,772 ","  62,367 ","  91,530 ","  84,246 ","  40,569 ","  38,724 ","  28,550 ","  9,387 ","  15,380 ",  579 
2021-08,"  745,554 ","  1,577,160 ","  589,912 ","  333,997 ","  263,758 ","  191,435 ","  141,109 ","  150,460 ","  156,565 ","  129,085 ","  59,456 ","  92,162 ","  84,374 ","  40,534 ","  38,795 ","  28,760 ","  9,441 ","  15,563 ",  580 
2021-09,"  752,333 ","  1,581,356 ","  589,648 ","  332,562 ","  263,704 ","  192,804 ","  145,999 ","  151,839 ","  157,168 ","  129,249 ","  61,997 ","  92,443 ","  83,213 ","  40,407 ","  38,888 ","  28,884 ","  9,531 ","  15,794 ",  591 
2021-10,"  760,848 ","  1,584,680 ","  592,742 ","  332,862 ","  265,699 ","  193,828 ","  149,775 ","  152,895 ","  157,899 ","  128,999 ","  62,727 ","  92,938 ","  83,383 ","  40,560 ","  38,529 ","  28,962 ","  9,578 ","  15,719 ",  592 
2021-11,"  767,124 ","  1,590,269 ","  595,239 ","  336,362 ","  266,619 ","  195,411 ","  150,743 ","  153,893 ","  158,824 ","  128,728 ","  59,329 ","  93,895 ","  83,322 ","  40,599 ","  38,350 ","  28,994 ","  9,605 ","  15,774 ",  597 
2021-12,"  755,718 ","  1,592,557 ","  597,424 ","  340,974 ","  269,997 ","  195,572 ","  149,233 ","  154,304 ","  159,282 ","  128,689 ","  44,499 ","  94,615 ","  82,918 ","  40,312 ","  37,663 ","  28,946 ","  9,440 ","  15,784 ",  606 
2022-01,"  750,792 ","  1,602,363 ","  597,344 ","  340,744 ","  263,886 ","  196,545 ","  139,055 ","  154,804 ","  159,910 ","  127,675 ","  42,000 ","  93,705 ","  81,539 ","  39,559 ","  37,606 ","  28,790 ","  9,387 ","  15,695 ",  609 
2022-02,"  769,467 ","  1,606,480 ","  601,470 ","  342,235 ","  274,096 ","  198,979 ","  137,872 ","  155,771 ","  161,402 ","  128,622 ","  49,242 ","  94,114 ","  82,268 ","  39,608 ","  38,418 ","  28,902 ","  9,535 ","  15,759 ",  606 
2022-03,"  774,057 ","  1,609,852 ","  601,064 ","  340,138 ","  273,733 ","  200,733 ","  148,053 ","  156,224 ","  162,109 ","  128,879 ","  54,248 ","  94,896 ","  82,392 ","  39,947 ","  38,597 ","  29,174 ","  9,695 ","  15,756 ",  614 
2022-04,"  781,961 ","  1,614,243 ","  602,772 ","  343,253 ","  276,060 ","  202,430 ","  154,613 ","  156,942 ","  162,917 ","  129,547 ","  57,351 ","  95,669 ","  83,071 ","  40,834 ","  38,761 ","  29,297 ","  9,908 ","  15,652 ",  629 
2022-05,"  786,728 ","  1,614,385 ","  604,568 ","  345,884 ","  276,022 ","  203,008 ","  155,531 ","  158,238 ","  163,024 ","  129,590 ","  56,287 ","  95,852 ","  83,345 ","  41,683 ","  38,824 ","  29,533 ","  9,992 ","  16,049 ",  621 
2022-06,"  790,679 ","  1,613,777 ","  604,320 ","  348,394 ","  277,358 ","  203,905 ","  155,095 ","  159,565 ","  162,805 ","  129,408 ","  54,212 ","  96,185 ","  83,861 ","  42,048 ","  38,849 ","  29,767 ","  10,050 ","  16,003 ",  607 
2022-07,"  794,213 ","  1,614,622 ","  602,780 ","  350,555 ","  277,536 ","  204,860 ","  147,605 ","  161,801 ","  163,007 ","  129,060 ","  52,927 ","  96,578 ","  84,704 ","  42,976 ","  39,063 ","  29,992 ","  10,120 ","  16,071 ",  591 
2022-08,"  799,079 ","  1,615,761 ","  603,405 ","  353,551 ","  278,040 ","  206,154 ","  150,240 ","  162,352 ","  163,431 ","  129,191 ","  51,540 ","  97,550 ","  84,662 ","  43,185 ","  39,110 ","  30,080 ","  10,123 ","  15,865 ",  584 
2022-09,"  802,597 ","  1,617,919 ","  604,478 ","  352,586 ","  278,493 ","  207,094 ","  154,693 ","  163,239 ","  163,957 ","  129,288 ","  52,786 ","  98,139 ","  83,699 ","  42,739 ","  39,158 ","  30,159 ","  10,116 ","  15,821 ",  586 
2022-10,"  810,480 ","  1,620,027 ","  604,535 ","  353,723 ","  274,904 ","  208,011 ","  156,839 ","  163,591 ","  163,462 ","  129,508 ","  51,097 ","  98,303 ","  83,028 ","  42,822 ","  39,145 ","  30,223 ","  10,091 ","  15,780 ",  582 
2022-11,"  813,174 ","  1,616,906 ","  607,122 ","  353,478 ","  276,231 ","  208,271 ","  156,583 ","  163,730 ","  163,398 ","  129,679 ","  50,013 ","  96,713 ","  83,021 ","  42,222 ","  39,215 ","  30,256 ","  10,066 ","  15,808 ",  572 
2022-12,"  798,466 ","  1,623,792 ","  609,094 ","  355,812 ","  274,108 ","  208,974 ","  154,493 ","  163,631 ","  163,598 ","  130,490 ","  39,447 ","  96,121 ","  82,548 ","  41,556 ","  38,764 ","  30,245 ","  9,989 ","  15,865 ",  565 
2023-01,"  795,321 ","  1,631,918 ","  605,761 ","  354,961 ","  266,880 ","  209,251 ","  142,678 ","  163,707 ","  160,541 ","  129,547 ","  38,731 ","  94,722 ","  81,662 ","  40,238 ","  38,263 ","  30,159 ","  10,365 ","  15,895 ",  565 
2023-02,"  824,871 ","  1,653,935 ","  610,260 ","  358,305 ","  276,070 ","  211,279 ","  141,798 ","  164,508 ","  161,322 ","  130,045 ","  44,914 ","  95,271 ","  82,298 ","  40,676 ","  39,405 ","  30,322 ","  11,021 ","  15,834 ",  573 
2023-03,"  833,289 ","  1,669,854 ","  603,483 ","  366,094 ","  277,587 ","  212,113 ","  147,067 ","  165,662 ","  160,800 ","  130,497 ","  49,025 ","  95,377 ","  82,892 ","  41,238 ","  40,212 ","  30,328 ","  11,575 ","  15,827 ",  585 
2023-04,"  843,667 ","  1,676,677 ","  603,859 ","  371,135 ","  281,003 ","  213,371 ","  151,995 ","  166,554 ","  160,634 ","  130,759 ","  49,564 ","  95,153 ","  83,258 ","  41,890 ","  40,461 ","  30,408 ","  11,834 ","  15,738 ",  585 
2023-05,"  850,788 ","  1,679,259 ","  603,514 ","  374,638 ","  281,491 ","  215,713 ","  152,867 ","  167,688 ","  160,590 ","  131,169 ","  49,979 ","  94,951 ","  83,769 ","  42,247 ","  40,712 ","  30,521 ","  12,006 ","  15,797 ",  596 
2023-06,"  857,801 ","  1,682,648 ","  603,086 ","  378,044 ","  282,992 ","  216,159 ","  150,030 ","  168,133 ","  160,194 ","  131,499 ","  49,813 ","  95,056 ","  84,427 ","  42,506 ","  40,804 ","  30,795 ","  12,246 ","  15,766 ",  598 
2023-07,"  864,073 ","  1,680,674 ","  602,247 ","  379,976 ","  283,291 ","  218,302 ","  148,090 ","  168,805 ","  159,582 ","  131,251 ","  50,348 ","  94,818 ","  84,974 ","  43,412 ","  41,172 ","  30,898 ","  12,241 ","  15,768 ",  594 
2023-08,"  868,698 ","  1,680,598 ","  601,971 ","  382,334 ","  286,673 ","  217,227 ","  147,404 ","  169,248 ","  159,437 ","  131,649 ","  49,025 ","  95,114 ","  84,912 ","  43,455 ","  41,256 ","  30,896 ","  12,575 ","  15,829 ",  595 
2023-09,"  873,305 ","  1,684,210 ","  603,055 ","  381,780 ","  284,585 ","  216,615 ","  148,762 ","  169,299 ","  159,227 ","  132,335 ","  50,900 ","  95,218 ","  83,775 ","  42,897 ","  41,316 ","  30,969 ","  12,665 ","  15,858 ",  582 
2023-10,"  879,375 ","  1,684,578 ","  603,436 ","  383,431 ","  284,484 ","  217,155 ","  151,069 ","  169,758 ","  159,119 ","  132,638 ","  50,208 ","  94,354 ","  83,307 ","  42,738 ","  41,402 ","  30,907 ","  12,712 ","  15,737 ",  584 
2023-11,"  880,860 ","  1,688,029 ","  603,936 ","  383,795 ","  282,906 ","  217,919 ","  151,004 ","  170,245 ","  159,074 ","  132,669 ","  48,983 ","  94,641 ","  83,264 ","  42,456 ","  41,307 ","  30,928 ","  12,739 ","  15,761 ",  583 
2023-12,"  857,976 ","  1,690,319 ","  603,559 ","  384,345 ","  281,052 ","  217,744 ","  148,892 ","  169,212 ","  158,863 ","  133,340 ","  39,578 ","  94,466 ","  82,826 ","  41,455 ","  40,168 ","  30,847 ","  12,637 ","  15,793 ",  577 
2024-01,"  859,208 ","  1,689,216 ","  602,185 ","  383,488 ","  276,671 ","  217,848 ","  145,001 ","  168,644 ","  157,694 ","  132,671 ","  38,094 ","  93,795 ","  81,935 ","  40,401 ","  40,227 ","  30,720 ","  12,596 ","  15,539 ",  554 
2024-02,"  902,419 ","  1,692,510 ","  603,106 ","  386,699 ","  285,320 ","  218,912 ","  144,358 ","  169,468 ","  157,690 ","  133,444 ","  44,083 ","  94,227 ","  82,682 ","  40,739 ","  41,504 ","  30,819 ","  12,776 ","  15,436 ",  563 
2024-03,"  912,736 ","  1,695,519 ","  602,654 ","  384,849 ","  285,250 ","  218,961 ","  148,830 ","  169,349 ","  157,406 ","  133,694 ","  48,247 ","  94,833 ","  83,551 ","  41,193 ","  41,995 ","  30,897 ","  12,895 ","  15,590 ",  548 